Date ,series ,OPEN ,HIGH ,LOW ,PREV. CLOSE ,ltp ,close ,vwap ,52W H ,52W L ,VOLUME ,VALUE ,No of trades 
28-Aug-23,EQ,"3,349.95","3,364.95","3,334.00","3,341.15","3,342.00","3,348.35","3,354.11","3,889.65","2,836.00","3,29,661","1,10,57,18,341.50","25,001"
29-Aug-23,EQ,"3,360.00","3,370.00","3,348.45","3,348.35","3,355.00","3,355.35","3,359.15","3,889.65","2,836.00","2,71,577","91,22,66,927.60","22,211"
30-Aug-23,EQ,"3,368.00","3,412.00","3,356.50","3,355.35","3,396.95","3,405.75","3,394.78","3,889.65","2,836.00","9,03,102","3,06,58,28,417.95","54,412"
31-Aug-23,EQ,"3,410.00","3,410.00","3,322.00","3,405.75","3,341.00","3,336.60","3,355.60","3,889.65","2,836.00","8,35,737","2,80,43,98,446.00","49,977"
1-Sep-23,EQ,"3,350.00","3,406.45","3,322.10","3,336.60","3,402.00","3,400.40","3,366.68","3,889.65","2,836.00","6,91,510","2,32,80,96,100.60","54,367"
4-Sep-23,EQ,"3,430.00","3,461.00","3,410.25","3,400.40","3,426.00","3,434.15","3,433.73","3,889.65","2,836.00","6,61,736","2,27,22,21,870.65","49,144"
5-Sep-23,EQ,"3,434.15","3,444.00","3,396.50","3,434.15","3,408.95","3,403.45","3,416.27","3,889.65","2,836.00","3,74,902","1,28,07,66,854.50","39,938"
6-Sep-23,EQ,"3,415.00","3,417.10","3,375.00","3,403.45","3,390.00","3,391.30","3,394.19","3,889.65","2,836.00","4,31,090","1,46,31,99,221.80","32,794"
7-Sep-23,EQ,"3,390.00","3,411.95","3,375.00","3,391.30","3,397.40","3,402.45","3,397.56","3,889.65","2,836.00","3,34,700","1,13,71,62,423.05","31,190"
8-Sep-23,EQ,"3,403.00","3,406.35","3,366.10","3,402.45","3,371.70","3,370.90","3,379.94","3,889.65","2,836.00","4,48,502","1,51,59,09,830.95","38,955"
11-Sep-23,EQ,"3,377.00","3,409.90","3,363.00","3,370.90","3,404.50","3,404.50","3,384.09","3,889.65","2,836.00","5,44,361","1,84,21,65,654.70","41,990"
12-Sep-23,EQ,"3,410.00","3,414.95","3,320.70","3,404.50","3,340.10","3,341.25","3,358.62","3,889.65","2,836.00","4,46,513","1,49,96,69,102.35","38,455"
13-Sep-23,EQ,"3,349.95","3,369.90","3,308.00","3,341.25","3,322.00","3,320.30","3,330.94","3,889.65","2,836.00","8,20,181","2,73,19,77,290.50","36,687"
14-Sep-23,EQ,"3,335.00","3,385.00","3,325.10","3,320.30","3,383.00","3,381.40","3,367.07","3,889.65","2,836.00","4,36,335","1,46,91,68,460.10","49,574"
15-Sep-23,EQ,"3,380.05","3,447.90","3,371.55","3,381.40","3,422.00","3,427.20","3,425.80","3,889.65","2,836.00","11,69,429","4,00,62,32,453.50","56,923"
18-Sep-23,EQ,"3,432.05","3,452.85","3,412.00","3,427.20","3,421.90","3,431.75","3,432.53","3,889.65","2,836.00","5,96,376","2,04,70,76,871.55","32,170"
20-Sep-23,EQ,"3,427.00","3,450.00","3,376.80","3,431.75","3,438.00","3,441.20","3,427.51","3,889.65","2,836.00","5,47,812","1,87,76,33,518.70","38,115"
21-Sep-23,EQ,"3,429.80","3,440.05","3,404.00","3,441.20","3,430.00","3,435.85","3,426.24","3,889.65","2,836.00","4,77,582","1,63,63,12,741.30","44,215"
22-Sep-23,EQ,"3,425.00","3,431.80","3,392.00","3,435.85","3,417.90","3,409.45","3,409.16","3,889.65","2,836.00","3,93,516","1,34,15,57,221.80","29,114"
25-Sep-23,EQ,"3,417.85","3,429.90","3,381.05","3,409.45","3,382.00","3,386.65","3,397.26","3,889.65","2,836.00","3,09,695","1,05,21,13,036.85","27,382"
26-Sep-23,EQ,"3,405.05","3,539.20","3,405.00","3,386.65","3,475.10","3,472.15","3,497.03","3,889.65","2,836.00","21,78,639","7,61,87,68,006.55","1,34,612"
27-Sep-23,EQ,"3,490.00","3,496.90","3,426.80","3,472.15","3,481.00","3,479.70","3,466.17","3,889.65","2,836.00","5,52,573","1,91,53,09,247.80","44,437"
28-Sep-23,EQ,"3,480.00","3,500.00","3,425.00","3,479.70","3,447.40","3,440.25","3,463.92","3,889.65","2,836.00","6,08,162","2,10,66,27,192.50","53,978"
29-Sep-23,EQ,"3,444.95","3,480.50","3,426.30","3,440.25","3,472.25","3,446.95","3,451.63","3,889.65","2,836.00","5,15,006","1,77,76,08,049.90","46,340"
3-Oct-23,EQ,"3,426.90","3,434.95","3,302.90","3,446.95","3,354.50","3,351.40","3,336.00","3,889.65","2,836.00","13,54,075","4,51,71,98,629.00","72,724"
4-Oct-23,EQ,"3,350.00","3,408.95","3,323.75","3,351.40","3,406.00","3,400.90","3,382.97","3,889.65","2,836.00","5,66,983","1,91,80,84,093.85","47,388"
5-Oct-23,EQ,"3,405.50","3,453.90","3,387.05","3,400.90","3,442.00","3,443.60","3,434.52","3,889.65","2,836.00","3,94,665","1,35,54,85,005.80","48,957"
6-Oct-23,EQ,"3,443.60","3,464.45","3,438.35","3,443.60","3,450.00","3,450.40","3,450.46","3,889.65","2,836.00","2,49,258","86,00,54,305.30","24,762"
9-Oct-23,EQ,"3,420.20","3,476.00","3,401.00","3,450.40","3,442.00","3,445.60","3,455.03","3,889.65","2,836.00","4,71,285","1,62,83,05,858.80","41,599"
10-Oct-23,EQ,"3,450.45","3,474.00","3,449.05","3,445.60","3,459.90","3,458.75","3,460.81","3,889.65","2,836.00","2,06,646","71,51,62,830.35","23,609"
11-Oct-23,EQ,"3,482.00","3,494.10","3,461.40","3,458.75","3,490.00","3,486.60","3,478.10","3,889.65","2,836.00","3,43,468","1,19,46,17,767.10","26,157"
12-Oct-23,EQ,"3,490.00","3,534.95","3,476.45","3,486.60","3,500.00","3,494.20","3,508.20","3,889.65","2,836.00","6,44,992","2,26,27,60,656.25","45,346"
13-Oct-23,EQ,"3,481.00","3,500.00","3,441.00","3,494.20","3,474.00","3,476.40","3,469.75","3,889.65","2,836.00","2,80,442","97,30,64,356.85","25,031"
16-Oct-23,EQ,"3,462.10","3,503.00","3,462.10","3,476.40","3,476.55","3,486.60","3,490.69","3,889.65","2,836.00","1,47,663","51,54,46,311.55","19,126"
17-Oct-23,EQ,"3,505.00","3,522.80","3,487.00","3,486.60","3,503.35","3,500.85","3,501.41","3,889.65","2,836.00","2,60,333","91,15,33,396.00","31,354"
18-Oct-23,EQ,"3,500.85","3,546.85","3,482.10","3,500.85","3,490.00","3,496.10","3,511.13","3,889.65","2,836.00","3,68,551","1,29,40,29,291.45","34,610"
19-Oct-23,EQ,"3,480.00","3,534.00","3,460.35","3,496.10","3,492.00","3,501.20","3,498.40","3,889.65","2,836.00","3,53,664","1,23,72,56,959.85","52,950"
20-Oct-23,EQ,"3,500.00","3,500.15","3,465.60","3,501.20","3,470.50","3,480.90","3,487.68","3,889.65","2,836.00","2,16,268","75,42,73,906.70","27,409"
23-Oct-23,EQ,"3,467.10","3,492.90","3,425.85","3,480.90","3,438.90","3,446.35","3,462.06","3,889.65","2,836.00","2,11,293","73,15,09,085.75","25,500"
25-Oct-23,EQ,"3,435.10","3,446.25","3,368.80","3,446.35","3,386.50","3,384.40","3,410.40","3,889.65","2,836.00","3,54,128","1,20,77,18,626.20","41,497"
26-Oct-23,EQ,"3,370.00","3,375.00","3,310.00","3,384.40","3,325.00","3,326.80","3,333.38","3,889.65","2,836.00","4,28,619","1,42,87,48,789.25","57,548"
27-Oct-23,EQ,"3,326.80","3,410.00","3,326.80","3,326.80","3,402.70","3,394.85","3,378.97","3,889.65","2,836.00","2,93,097","99,03,66,798.65","33,226"
30-Oct-23,EQ,"3,403.00","3,426.00","3,336.20","3,394.85","3,350.00","3,357.65","3,357.66","3,889.65","2,836.00","2,57,392","86,42,35,189.15","25,635"
31-Oct-23,EQ,"3,366.55","3,367.00","3,287.20","3,357.65","3,296.00","3,295.55","3,319.11","3,889.65","2,836.00","4,09,346","1,35,86,63,070.35","38,817"
1-Nov-23,EQ,"3,309.80","3,315.10","3,275.00","3,295.55","3,275.80","3,282.25","3,298.06","3,889.65","2,836.00","3,25,630","1,07,39,46,654.30","47,622"
2-Nov-23,EQ,"3,285.00","3,345.00","3,284.20","3,282.25","3,339.90","3,338.30","3,320.49","3,889.65","2,836.00","4,93,381","1,63,82,66,200.40","54,625"
3-Nov-23,EQ,"3,360.00","3,458.15","3,353.00","3,338.30","3,426.00","3,428.00","3,417.53","3,889.65","2,836.00","5,68,463","1,94,27,37,808.95","45,013"
6-Nov-23,EQ,"3,454.90","3,543.45","3,437.45","3,428.00","3,517.85","3,510.95","3,513.58","3,791.95","2,836.00","7,22,080","2,53,70,87,870.10","67,579"
7-Nov-23,EQ,"3,480.10","3,538.95","3,480.10","3,510.95","3,515.00","3,509.05","3,515.64","3,791.95","2,836.00","3,35,436","1,17,92,71,126.20","41,899"
8-Nov-23,EQ,"3,510.00","3,565.00","3,505.85","3,509.05","3,550.00","3,550.30","3,542.71","3,791.95","2,836.00","3,93,482","1,39,39,92,675.65","58,295"
9-Nov-23,EQ,"3,545.30","3,596.40","3,526.10","3,550.30","3,548.00","3,541.90","3,563.51","3,791.95","2,836.00","5,38,782","1,91,99,56,657.00","65,132"
10-Nov-23,EQ,"3,540.00","3,565.00","3,502.10","3,541.90","3,547.00","3,540.75","3,530.00","3,791.95","2,836.00","2,59,237","91,51,07,367.45","29,667"
12-Nov-23,EQ,"3,590.00","3,611.55","3,570.00","3,540.75","3,575.30","3,579.30","3,581.58","3,791.95","2,836.00","1,13,586","40,68,16,872.85","9,190"
13-Nov-23,EQ,"3,590.00","3,675.00","3,586.00","3,579.30","3,639.75","3,645.40","3,651.99","3,748.00","2,836.00","8,75,885","3,19,87,21,489.50","63,431"
15-Nov-23,EQ,"3,689.00","3,860.00","3,672.10","3,645.40","3,840.00","3,848.30","3,795.37","3,860.00","2,836.00","19,14,550","7,26,64,29,086.00","1,31,131"
16-Nov-23,EQ,"3,848.05","3,873.00","3,813.15","3,848.30","3,835.00","3,836.75","3,839.84","3,873.00","2,836.00","7,55,583","2,90,13,17,786.80","90,912"
17-Nov-23,EQ,"3,824.90","3,898.00","3,816.90","3,836.75","3,859.10","3,865.30","3,870.03","3,898.00","2,836.00","4,76,357","1,84,35,16,119.50","46,649"
20-Nov-23,EQ,"3,850.55","3,898.90","3,824.00","3,865.30","3,836.95","3,846.45","3,856.19","3,898.90","2,836.00","2,49,897","96,36,51,212.60","33,514"
21-Nov-23,EQ,"3,865.00","3,865.60","3,826.05","3,846.45","3,835.00","3,844.20","3,846.60","3,898.90","2,836.00","2,60,475","1,00,19,43,865.90","34,379"
22-Nov-23,EQ,"3,830.10","3,854.40","3,805.00","3,844.20","3,834.00","3,833.80","3,830.46","3,898.90","2,836.00","2,86,194","1,09,62,54,606.35","29,196"
23-Nov-23,EQ,"3,836.55","3,915.00","3,833.00","3,833.80","3,875.00","3,883.80","3,891.94","3,915.00","2,836.00","7,64,501","2,97,53,95,501.50","63,749"
24-Nov-23,EQ,"3,895.70","3,920.00","3,842.05","3,883.80","3,846.00","3,849.05","3,863.50","3,920.00","2,836.00","2,66,314","1,02,89,03,592.75","31,201"
28-Nov-23,EQ,"3,855.95","3,892.15","3,777.75","3,849.05","3,840.00","3,826.70","3,822.38","3,920.00","2,836.00","5,05,274","1,93,13,47,671.20","46,615"
29-Nov-23,EQ,"3,852.00","3,852.00","3,791.00","3,826.70","3,810.00","3,812.25","3,818.62","3,920.00","2,836.00","4,14,180","1,58,15,96,152.45","40,160"
30-Nov-23,EQ,"3,857.95","3,920.00","3,828.05","3,812.25","3,885.00","3,896.90","3,886.22","3,920.00","2,836.00","13,38,711","5,20,25,26,724.55","93,524"
1-Dec-23,EQ,"3,922.00","3,950.00","3,882.05","3,896.90","3,892.85","3,891.20","3,918.18","3,950.00","2,836.00","6,83,211","2,67,69,44,058.95","59,320"
4-Dec-23,EQ,"3,950.00","4,200.00","3,916.00","3,891.20","4,181.00","4,180.35","4,087.05","4,200.00","2,836.00","28,24,695","11,54,46,65,132.45","1,63,418"
5-Dec-23,EQ,"4,181.00","4,195.25","4,100.00","4,180.35","4,140.00","4,136.50","4,147.48","4,200.00","2,836.00","10,45,885","4,33,77,91,576.00","79,570"
6-Dec-23,EQ,"4,088.05","4,127.95","4,025.00","4,136.50","4,049.75","4,047.00","4,065.24","4,200.00","2,836.00","9,41,566","3,82,76,89,522.00","74,212"
7-Dec-23,EQ,"4,050.00","4,135.00","4,048.00","4,047.00","4,097.40","4,091.00","4,088.61","4,200.00","2,836.00","6,99,553","2,86,02,00,548.80","66,667"
8-Dec-23,EQ,"4,100.00","4,112.40","4,028.80","4,091.00","4,047.30","4,055.00","4,059.34","4,200.00","2,836.00","3,34,252","1,35,68,42,351.70","28,785"
11-Dec-23,EQ,"4,055.00","4,068.90","4,010.00","4,055.00","4,012.00","4,025.65","4,039.08","4,200.00","2,836.00","5,34,584","2,15,92,29,681.70","39,054"
12-Dec-23,EQ,"4,047.45","4,047.45","3,936.15","4,025.65","3,959.85","3,951.75","3,969.46","4,200.00","2,836.00","9,81,121","3,89,45,24,955.35","60,887"
13-Dec-23,EQ,"3,969.00","4,044.95","3,957.95","3,951.75","4,036.00","4,032.75","4,004.49","4,200.00","2,836.00","7,07,209","2,83,20,13,377.95","57,300"
14-Dec-23,EQ,"4,058.00","4,100.00","4,045.00","4,032.75","4,080.00","4,086.15","4,078.98","4,200.00","2,836.00","9,22,658","3,76,35,06,841.05","87,374"
15-Dec-23,EQ,"4,099.70","4,135.30","4,045.00","4,086.15","4,060.00","4,059.90","4,072.04","4,200.00","2,836.00","9,54,933","3,88,85,26,142.25","68,632"
18-Dec-23,EQ,"4,076.00","4,165.00","4,068.50","4,059.90","4,071.95","4,085.50","4,114.38","4,200.00","2,836.00","8,86,620","3,64,78,92,649.00","53,342"
19-Dec-23,EQ,"4,094.80","4,109.55","4,022.40","4,085.50","4,048.80","4,039.65","4,045.43","4,200.00","2,836.00","3,28,368","1,32,83,91,342.95","38,640"
20-Dec-23,EQ,"4,074.75","4,132.45","3,891.70","4,039.65","3,905.00","3,912.40","4,029.63","4,200.00","2,836.00","5,57,214","2,24,53,64,079.10","56,864"
21-Dec-23,EQ,"3,900.00","4,007.90","3,847.55","3,912.40","3,963.85","3,957.95","3,944.46","4,200.00","2,836.00","4,45,648","1,75,78,41,172.50","59,359"
22-Dec-23,EQ,"3,983.00","4,016.95","3,948.20","3,957.95","4,002.00","4,006.05","3,985.61","4,200.00","2,836.00","3,09,907","1,23,51,69,504.70","44,510"
26-Dec-23,EQ,"4,024.80","4,069.65","4,012.00","4,006.05","4,040.00","4,040.40","4,046.41","4,200.00","2,836.00","4,75,107","1,92,24,76,596.95","41,985"
27-Dec-23,EQ,"4,068.00","4,134.95","4,042.10","4,040.40","4,101.20","4,120.00","4,080.71","4,200.00","2,836.00","3,85,941","1,57,49,14,140.55","55,793"
28-Dec-23,EQ,"4,120.00","4,130.00","4,080.90","4,120.00","4,095.70","4,091.90","4,098.37","4,200.00","2,836.00","4,50,475","1,84,62,12,353.95","51,992"
29-Dec-23,EQ,"4,099.95","4,178.00","4,094.00","4,091.90","4,132.00","4,143.50","4,127.17","4,200.00","2,836.00","6,73,952","2,78,15,15,084.85","73,437"
1-Jan-24,EQ,"4,145.00","4,145.00","4,030.00","4,143.50","4,035.00","4,038.35","4,060.34","4,200.00","2,836.00","7,63,454","3,09,98,83,270.05","65,959"
2-Jan-24,EQ,"4,010.10","4,010.75","3,882.35","4,038.35","3,894.00","3,892.50","3,921.33","4,200.00","2,836.00","12,21,148","4,78,85,22,572.15","1,07,350"
3-Jan-24,EQ,"3,894.05","3,928.95","3,878.45","3,892.50","3,886.00","3,887.60","3,897.13","4,200.00","2,836.00","4,35,449","1,69,70,01,222.50","51,289"
4-Jan-24,EQ,"3,887.50","3,915.00","3,848.50","3,887.60","3,858.95","3,861.00","3,864.83","4,200.00","2,836.00","4,25,702","1,64,52,65,115.15","56,191"
5-Jan-24,EQ,"3,864.05","3,918.70","3,860.00","3,861.00","3,875.00","3,877.05","3,892.72","4,200.00","2,836.00","4,02,103","1,56,52,72,551.40","43,449"
8-Jan-24,EQ,"3,890.00","3,960.40","3,877.50","3,877.05","3,887.80","3,884.25","3,910.69","4,200.00","2,836.00","4,01,263","1,56,92,16,581.45","41,991"
9-Jan-24,EQ,"3,909.25","3,923.95","3,850.60","3,884.25","3,870.60","3,870.45","3,880.79","4,200.00","2,836.00","4,11,462","1,59,67,96,541.25","47,824"
10-Jan-24,EQ,"3,870.45","3,873.00","3,790.65","3,870.45","3,845.00","3,842.55","3,824.04","4,200.00","2,836.00","5,77,499","2,20,83,78,352.00","49,261"
11-Jan-24,EQ,"3,868.80","3,924.70","3,852.45","3,842.55","3,888.75","3,888.80","3,898.60","4,200.00","2,836.00","3,78,237","1,47,45,94,266.95","42,619"
12-Jan-24,EQ,"3,890.20","3,899.00","3,850.00","3,888.80","3,870.45","3,870.85","3,869.57","4,200.00","2,836.00","2,20,410","85,28,90,915.75","32,505"
15-Jan-24,EQ,"3,875.00","3,884.65","3,811.00","3,870.85","3,826.00","3,832.10","3,831.64","4,200.00","2,836.00","3,64,325","1,39,59,62,187.55","43,978"
16-Jan-24,EQ,"3,790.00","3,828.10","3,741.50","3,832.10","3,795.00","3,792.30","3,789.06","4,200.00","2,836.00","5,19,197","1,96,72,68,702.60","59,571"
17-Jan-24,EQ,"3,731.00","3,772.00","3,720.00","3,792.30","3,746.25","3,751.10","3,753.56","4,200.00","2,836.00","5,85,284","2,19,68,97,392.45","53,650"
18-Jan-24,EQ,"3,751.10","3,761.55","3,661.00","3,751.10","3,685.00","3,691.15","3,701.83","4,200.00","2,836.00","5,83,931","2,16,16,11,237.95","79,649"
19-Jan-24,EQ,"3,700.00","3,787.85","3,658.00","3,691.15","3,705.95","3,699.45","3,715.06","4,200.00","2,836.00","8,94,473","3,32,30,21,563.05","85,919"
20-Jan-24,EQ,"3,709.90","3,737.90","3,675.10","3,699.45","3,700.00","3,697.60","3,705.72","4,200.00","2,836.00","1,22,046","45,22,67,893.45","16,904"
23-Jan-24,EQ,"3,702.05","3,744.00","3,606.05","3,697.60","3,618.40","3,616.70","3,672.91","4,200.00","2,836.00","8,23,427","3,02,43,70,610.50","71,531"
24-Jan-24,EQ,"3,629.00","3,648.95","3,562.45","3,616.70","3,640.00","3,635.00","3,597.04","4,200.00","2,836.00","13,18,897","4,74,41,28,476.60","72,066"
25-Jan-24,EQ,"3,680.00","3,680.00","3,597.05","3,635.00","3,619.30","3,616.45","3,615.59","4,200.00","2,836.00","6,99,432","2,52,88,60,343.90","56,670"
29-Jan-24,EQ,"3,621.10","3,681.00","3,590.05","3,616.45","3,666.00","3,669.05","3,657.10","4,200.00","2,836.00","9,36,432","3,42,46,24,140.85","43,433"
30-Jan-24,EQ,"3,675.00","3,729.90","3,673.90","3,669.05","3,707.75","3,704.75","3,701.04","4,200.00","2,836.00","6,12,064","2,26,52,71,356.45","39,712"
31-Jan-24,EQ,"3,716.00","3,852.15","3,701.10","3,704.75","3,841.35","3,839.60","3,802.62","4,200.00","2,836.00","7,59,817","2,88,92,95,734.30","73,482"
1-Feb-24,EQ,"3,843.00","3,965.85","3,843.00","3,839.60","3,920.45","3,933.20","3,918.07","4,200.00","2,836.00","13,13,981","5,14,82,70,174.75","1,15,060"
2-Feb-24,EQ,"3,900.00","3,900.00","3,811.25","3,933.20","3,835.00","3,825.55","3,847.61","4,200.00","2,836.00","8,72,011","3,35,51,62,051.05","81,485"
5-Feb-24,EQ,"3,850.00","3,918.40","3,837.00","3,825.55","3,879.65","3,889.95","3,888.60","4,200.00","2,836.00","5,92,181","2,30,27,52,234.85","59,181"
6-Feb-24,EQ,"3,900.00","3,950.75","3,890.00","3,889.95","3,946.00","3,944.60","3,924.27","4,200.00","2,836.00","4,70,713","1,84,72,02,742.20","45,743"
7-Feb-24,EQ,"3,975.00","3,990.00","3,907.95","3,944.60","3,929.00","3,927.65","3,934.31","4,200.00","2,836.00","4,16,774","1,63,97,19,888.25","40,392"
8-Feb-24,EQ,"3,953.00","3,957.30","3,791.75","3,927.65","3,811.00","3,807.30","3,838.61","4,200.00","2,836.00","4,04,899","1,55,42,47,655.50","82,388"
9-Feb-24,EQ,"3,820.00","3,847.95","3,761.60","3,807.30","3,844.95","3,840.95","3,813.00","4,200.00","2,836.00","3,96,729","1,51,27,29,486.70","55,615"
12-Feb-24,EQ,"3,869.90","3,903.05","3,817.20","3,840.95","3,873.95","3,871.85","3,867.38","4,200.00","2,836.00","2,37,343","91,78,96,016.75","33,346"
13-Feb-24,EQ,"3,894.65","3,936.15","3,765.45","3,871.85","3,898.75","3,854.20","3,860.98","4,200.00","2,836.00","6,33,019","2,44,40,70,956.95","81,400"
14-Feb-24,EQ,"3,833.00","3,932.35","3,726.60","3,854.20","3,896.75","3,901.55","3,864.10","4,200.00","2,836.00","9,19,714","3,55,38,70,827.00","1,05,130"
15-Feb-24,EQ,"3,905.00","3,928.50","3,876.20","3,901.55","3,911.00","3,916.55","3,909.51","4,200.00","2,836.00","4,05,632","1,58,58,21,582.60","62,372"
16-Feb-24,EQ,"3,925.05","4,003.00","3,916.30","3,916.55","3,938.00","3,928.65","3,960.47","4,200.00","2,836.00","6,34,008","2,51,09,66,521.00","72,730"
19-Feb-24,EQ,"3,934.95","3,954.70","3,894.75","3,928.65","3,905.00","3,902.85","3,927.03","4,200.00","2,836.00","2,67,834","1,05,17,90,977.05","40,381"
20-Feb-24,EQ,"3,894.00","3,898.90","3,784.20","3,902.85","3,830.05","3,828.10","3,831.06","4,200.00","2,836.00","13,24,518","5,07,43,02,757.60","74,451"
21-Feb-24,EQ,"3,828.10","3,895.75","3,821.00","3,828.10","3,830.00","3,836.35","3,866.19","4,200.00","2,836.00","5,75,380","2,22,45,28,037.15","60,395"
22-Feb-24,EQ,"3,864.80","3,970.00","3,841.85","3,836.35","3,953.00","3,951.40","3,913.70","4,200.00","2,836.00","11,30,600","4,42,48,25,633.80","1,15,282"
23-Feb-24,EQ,"3,970.40","3,972.00","3,913.65","3,951.40","3,924.20","3,927.05","3,937.26","4,200.00","2,836.00","5,71,998","2,25,21,03,188.40","62,975"
26-Feb-24,EQ,"3,927.05","3,991.45","3,895.00","3,927.05","3,955.00","3,952.95","3,947.73","4,200.00","2,836.00","4,74,465","1,87,30,61,554.45","49,579"
27-Feb-24,EQ,"3,950.00","4,012.55","3,940.00","3,952.95","4,002.00","4,002.75","3,991.14","4,200.00","2,836.00","5,79,400","2,31,24,64,110.05","66,284"
28-Feb-24,EQ,"4,002.75","4,018.95","3,851.00","4,002.75","3,860.00","3,863.75","3,922.97","4,200.00","2,836.00","6,58,953","2,58,50,54,081.95","89,592"
29-Feb-24,EQ,"3,862.95","3,890.00","3,760.05","3,863.75","3,800.00","3,792.40","3,802.14","4,200.00","2,836.00","10,21,336","3,88,32,66,036.90","1,26,551"
1-Mar-24,EQ,"3,790.20","3,868.80","3,776.05","3,792.40","3,840.00","3,843.55","3,834.42","4,200.00","2,836.00","6,65,946","2,55,35,19,427.85","68,074"
2-Mar-24,EQ,"3,855.00","3,877.85","3,837.05","3,843.55","3,858.00","3,860.35","3,860.31","4,200.00","2,836.00","17,701","6,83,31,321.75","2,420"
4-Mar-24,EQ,"3,858.60","3,883.30","3,744.00","3,860.35","3,756.90","3,751.45","3,776.30","4,200.00","2,836.00","6,41,251","2,42,15,58,538.10","90,577"
5-Mar-24,EQ,"3,751.45","3,801.95","3,742.55","3,751.45","3,792.00","3,791.90","3,774.55","4,200.00","2,836.00","5,91,293","2,23,18,66,673.10","72,181"
6-Mar-24,EQ,"3,800.00","3,806.85","3,734.05","3,791.90","3,800.00","3,793.20","3,778.30","4,200.00","2,836.00","3,15,398","1,19,16,69,749.90","41,112"
7-Mar-24,EQ,"3,793.20","3,810.00","3,759.05","3,793.20","3,778.15","3,785.25","3,785.72","4,200.00","2,836.00","7,34,239","2,77,96,24,562.55","60,665"
11-Mar-24,EQ,"3,795.45","3,814.95","3,770.00","3,785.25","3,775.05","3,783.90","3,791.28","4,200.00","2,836.00","3,73,335","1,41,54,16,573.05","47,290"
12-Mar-24,EQ,"3,804.40","3,855.80","3,771.00","3,783.90","3,811.50","3,810.75","3,823.15","4,200.00","2,836.00","5,28,035","2,01,87,56,707.25","58,658"
13-Mar-24,EQ,"3,811.55","3,852.40","3,715.00","3,810.75","3,726.00","3,735.55","3,778.52","4,200.00","2,836.00","4,28,324","1,61,84,29,324.45","58,922"
14-Mar-24,EQ,"3,717.00","3,803.75","3,686.25","3,735.55","3,764.95","3,772.65","3,759.72","4,200.00","2,836.00","7,20,948","2,71,05,63,810.90","1,09,755"
15-Mar-24,EQ,"3,772.65","3,779.95","3,707.05","3,772.65","3,747.50","3,745.65","3,741.63","4,200.00","2,836.00","4,87,749","1,82,49,77,616.85","42,068"
18-Mar-24,EQ,"3,745.00","3,745.00","3,681.70","3,745.65","3,705.00","3,699.70","3,706.60","4,200.00","2,836.00","5,33,167","1,97,62,36,767.75","54,347"
19-Mar-24,EQ,"3,699.70","3,730.00","3,672.00","3,699.70","3,730.00","3,716.85","3,701.20","4,200.00","2,836.00","5,59,402","2,07,04,56,668.45","38,085"
20-Mar-24,EQ,"3,821.00","3,940.00","3,821.00","3,716.85","3,875.00","3,873.60","3,890.81","4,200.00","2,836.00","30,45,475","11,84,93,61,581.50","1,82,175"
21-Mar-24,EQ,"3,881.35","3,949.00","3,881.00","3,873.60","3,933.65","3,918.95","3,918.24","4,200.00","2,836.00","8,38,929","3,28,71,25,201.55","87,735"
22-Mar-24,EQ,"3,945.00","4,013.95","3,863.20","3,918.95","3,990.00","3,988.40","3,953.32","4,200.00","2,836.00","10,33,237","4,08,47,20,443.50","75,272"
26-Mar-24,EQ,"4,001.45","4,042.50","3,907.10","3,988.40","3,919.20","3,911.10","3,945.11","4,200.00","2,836.00","7,72,158","3,04,62,45,492.10","75,089"
27-Mar-24,EQ,"3,934.80","3,987.00","3,905.80","3,911.10","3,915.20","3,913.80","3,953.09","4,200.00","2,836.00","5,10,950","2,01,98,28,942.10","50,265"
28-Mar-24,EQ,"3,915.30","4,075.00","3,891.75","3,913.80","4,026.00","4,019.30","4,016.60","4,200.00","2,836.00","13,07,106","5,25,01,25,066.05","1,29,420"
1-Apr-24,EQ,"4,060.80","4,070.00","3,936.50","4,019.30","3,952.40","3,946.65","3,980.39","4,200.00","2,922.20","5,32,524","2,11,96,55,493.15","47,636"
2-Apr-24,EQ,"3,990.00","3,990.00","3,914.30","3,946.65","3,921.50","3,922.20","3,930.17","4,200.00","2,922.20","4,85,047","1,90,63,15,633.35","39,989"
3-Apr-24,EQ,"3,923.00","3,943.10","3,886.10","3,922.20","3,940.00","3,934.20","3,921.30","4,200.00","2,922.20","3,92,460","1,53,89,54,089.95","44,181"
4-Apr-24,EQ,"3,957.00","4,030.00","3,892.05","3,934.20","4,005.00","4,014.30","3,976.90","4,200.00","2,922.20","9,32,478","3,70,83,67,855.35","1,21,609"
5-Apr-24,EQ,"4,013.00","4,046.55","3,967.55","4,014.30","4,027.80","4,031.25","4,023.76","4,200.00","2,922.20","5,37,212","2,16,16,12,518.20","67,668"
8-Apr-24,EQ,"4,024.95","4,303.45","4,011.60","4,031.25","4,189.00","4,205.75","4,206.78","4,303.45","2,951.15","21,65,986","9,11,18,17,746.30","1,98,006"
9-Apr-24,EQ,"4,247.80","4,267.90","4,137.50","4,205.75","4,251.00","4,248.65","4,196.80","4,303.45","2,951.15","9,70,657","4,07,36,50,118.30","77,081"
10-Apr-24,EQ,"4,250.00","4,335.00","4,222.05","4,248.65","4,297.60","4,315.10","4,270.93","4,335.00","2,951.15","10,18,246","4,34,88,61,773.75","1,05,725"
12-Apr-24,EQ,"4,310.00","4,382.80","4,267.80","4,315.10","4,305.00","4,302.25","4,337.34","4,382.80","2,951.15","11,33,493","4,91,63,47,410.10","67,079"
15-Apr-24,EQ,"4,250.00","4,317.85","4,193.75","4,302.25","4,260.00","4,219.35","4,257.83","4,382.80","3,156.15","8,60,133","3,66,22,97,391.35","52,507"
16-Apr-24,EQ,"4,217.40","4,404.00","4,206.30","4,219.35","4,348.00","4,355.70","4,344.68","4,404.00","3,156.15","14,67,677","6,37,65,89,834.20","1,36,315"
18-Apr-24,EQ,"4,356.00","4,444.00","4,338.05","4,355.70","4,368.00","4,351.20","4,394.96","4,444.00","3,156.15","13,16,876","5,78,76,23,192.50","1,33,246"
19-Apr-24,EQ,"4,345.00","4,369.45","4,261.30","4,351.20","4,340.05","4,344.15","4,320.63","4,444.00","3,156.15","7,19,002","3,10,65,40,326.00","80,376"
22-Apr-24,EQ,"4,394.00","4,485.00","4,370.40","4,344.15","4,468.00","4,466.95","4,454.76","4,485.00","3,156.15","7,81,218","3,48,01,37,401.75","78,147"
23-Apr-24,EQ,"4,472.05","4,534.90","4,445.00","4,466.95","4,531.00","4,520.15","4,497.47","4,534.90","3,156.15","7,40,619","3,33,09,11,597.35","67,959"
24-Apr-24,EQ,"4,545.00","4,571.65","4,514.80","4,520.15","4,530.00","4,530.70","4,548.64","4,571.65","3,156.15","9,19,636","4,18,30,88,977.50","83,625"
25-Apr-24,EQ,"4,568.00","4,629.50","4,486.00","4,530.70","4,591.60","4,615.20","4,558.58","4,629.50","3,156.15","12,60,511","5,74,61,35,265.80","1,12,060"
26-Apr-24,EQ,"4,591.00","4,632.85","4,572.00","4,615.20","4,605.00","4,601.00","4,602.63","4,632.85","3,156.15","3,64,193","1,67,62,45,727.85","36,524"
29-Apr-24,EQ,"4,589.00","4,603.55","4,532.60","4,601.00","4,578.00","4,571.85","4,564.05","4,632.85","3,160.00","4,65,907","2,12,64,23,723.30","60,093"
30-Apr-24,EQ,"4,578.00","4,689.95","4,578.00","4,571.85","4,615.50","4,597.40","4,630.13","4,689.95","3,160.00","6,63,752","3,07,32,57,205.70","75,512"
2-May-24,EQ,"4,598.00","4,634.10","4,546.40","4,597.40","4,600.00","4,602.40","4,594.29","4,689.95","3,160.00","9,08,139","4,17,22,54,513.05","1,12,337"
3-May-24,EQ,"4,623.00","4,655.60","4,580.00","4,602.40","4,600.00","4,599.25","4,607.97","4,689.95","3,160.00","5,62,484","2,59,19,11,559.90","49,331"
6-May-24,EQ,"4,613.00","4,668.80","4,581.25","4,599.25","4,598.05","4,599.00","4,615.12","4,689.95","3,160.00","7,16,536","3,30,69,01,661.75","51,591"
7-May-24,EQ,"4,605.00","4,655.00","4,570.00","4,599.00","4,610.00","4,622.40","4,610.13","4,689.95","3,160.00","5,05,027","2,32,82,39,844.20","46,726"
8-May-24,EQ,"4,585.00","4,634.00","4,560.95","4,622.40","4,600.05","4,600.10","4,597.72","4,689.95","3,160.00","6,13,158","2,81,91,31,435.90","51,379"
9-May-24,EQ,"4,580.00","4,708.00","4,541.50","4,600.10","4,552.20","4,568.05","4,618.18","4,708.00","3,160.00","9,80,283","4,52,71,21,300.80","1,17,403"
10-May-24,EQ,"4,590.00","4,689.05","4,556.40","4,568.05","4,670.00","4,657.85","4,627.61","4,708.00","3,160.00","4,71,148","2,18,02,89,607.15","54,618"
13-May-24,EQ,"4,679.00","4,733.80","4,528.30","4,657.85","4,667.35","4,657.45","4,652.33","4,733.80","3,160.00","17,38,770","8,08,93,35,401.65","1,41,022"
14-May-24,EQ,"4,667.40","4,742.95","4,651.10","4,657.45","4,730.65","4,730.55","4,694.96","4,742.95","3,160.00","8,70,035","4,08,47,76,229.80","67,820"
15-May-24,EQ,"4,730.55","4,730.55","4,598.10","4,730.55","4,648.00","4,649.35","4,652.35","4,742.95","3,160.00","10,82,300","5,03,52,36,398.05","76,145"
16-May-24,EQ,"4,650.00","4,697.95","4,543.10","4,649.35","4,663.05","4,681.75","4,624.29","4,742.95","3,160.00","8,45,652","3,91,05,43,633.80","1,24,928"
17-May-24,EQ,"4,660.00","4,700.00","4,622.00","4,681.75","4,680.95","4,693.90","4,675.84","4,742.95","3,160.00","2,87,570","1,34,46,30,864.90","34,231"
18-May-24,EQ,"4,717.90","4,717.90","4,667.00","4,693.90","4,685.00","4,684.40","4,685.69","4,742.95","3,160.00","23,597","11,05,68,329.15","2,843"
21-May-24,EQ,"4,650.00","4,728.85","4,650.00","4,684.40","4,671.20","4,672.95","4,684.55","4,742.95","3,160.00","5,00,742","2,34,57,49,941.55","80,617"
22-May-24,EQ,"4,673.00","4,707.65","4,665.50","4,672.95","4,692.00","4,695.45","4,686.81","4,742.95","3,160.00","2,01,187","94,29,25,859.50","22,934"
23-May-24,EQ,"4,696.65","4,867.85","4,682.55","4,695.45","4,855.00","4,852.85","4,799.10","4,867.85","3,160.00","9,22,926","4,42,92,12,097.90","95,277"
24-May-24,EQ,"4,822.50","4,908.00","4,807.40","4,852.85","4,880.15","4,880.95","4,860.44","4,908.00","3,160.00","5,45,727","2,65,24,71,405.50","63,194"
27-May-24,EQ,"4,861.05","4,907.00","4,770.00","4,880.95","4,796.65","4,793.30","4,816.06","4,908.00","3,160.00","6,55,641","3,15,76,07,238.70","65,890"
28-May-24,EQ,"4,793.30","4,825.50","4,760.00","4,793.30","4,765.00","4,770.95","4,787.47","4,908.00","3,160.00","3,33,511","1,59,66,74,972.45","68,693"
29-May-24,EQ,"4,746.00","4,808.85","4,724.25","4,770.95","4,757.25","4,745.40","4,764.25","4,908.00","3,160.00","5,48,865","2,61,49,32,420.95","32,255"
30-May-24,EQ,"4,709.75","4,770.00","4,704.70","4,745.40","4,760.00","4,742.95","4,739.40","4,908.00","3,160.00","4,31,385","2,04,45,08,020.95","55,514"
31-May-24,EQ,"4,742.20","4,790.00","4,668.25","4,742.95","4,742.05","4,733.45","4,726.58","4,908.00","3,160.00","11,37,018","5,37,42,08,703.85","68,528"
3-Jun-24,EQ,"4,800.00","4,800.00","4,640.00","4,733.45","4,670.00","4,670.85","4,684.41","4,908.00","3,160.00","10,70,710","5,01,56,48,988.65","1,14,519"
4-Jun-24,EQ,"4,679.90","4,706.85","4,253.85","4,670.85","4,548.95","4,495.40","4,509.96","4,908.00","3,160.00","9,20,927","4,15,33,44,077.05","1,02,452"
5-Jun-24,EQ,"4,539.10","4,647.45","4,495.00","4,495.40","4,560.00","4,579.00","4,581.62","4,908.00","3,160.00","4,68,061","2,14,44,77,222.25","66,641"
6-Jun-24,EQ,"4,579.00","4,727.00","4,538.30","4,579.00","4,711.00","4,719.75","4,664.98","4,908.00","3,160.00","7,48,915","3,49,36,74,883.15","97,194"
7-Jun-24,EQ,"4,700.00","4,769.00","4,670.10","4,719.75","4,759.00","4,762.00","4,730.48","4,908.00","3,160.00","4,19,417","1,98,40,45,501.80","43,858"
10-Jun-24,EQ,"4,769.60","4,800.00","4,757.00","4,762.00","4,779.80","4,782.75","4,781.39","4,908.00","3,160.00","3,01,649","1,44,23,01,104.20","28,628"
11-Jun-24,EQ,"4,810.00","4,811.95","4,744.05","4,782.75","4,757.10","4,758.65","4,772.30","4,908.00","3,160.00","7,33,966","3,50,27,04,778.40","58,529"
12-Jun-24,EQ,"4,765.00","4,873.45","4,745.00","4,758.65","4,845.00","4,850.65","4,814.42","4,908.00","3,160.00","5,23,152","2,51,86,74,271.20","48,938"
13-Jun-24,EQ,"4,886.95","4,889.60","4,768.00","4,850.65","4,799.05","4,801.50","4,800.52","4,908.00","3,160.00","8,40,780","4,03,61,77,270.25","63,123"
14-Jun-24,EQ,"4,817.50","4,945.00","4,801.50","4,801.50","4,929.00","4,935.10","4,883.22","4,945.00","3,160.00","5,49,131","2,68,15,30,194.20","43,855"
18-Jun-24,EQ,"4,940.00","4,976.00","4,912.55","4,935.10","4,930.00","4,936.10","4,948.22","4,976.00","3,160.00","7,06,641","3,49,66,18,624.85","49,358"
19-Jun-24,EQ,"4,940.00","4,963.70","4,850.00","4,936.10","4,865.00","4,880.75","4,894.46","4,976.00","3,160.00","6,52,617","3,19,42,10,355.85","62,338"
20-Jun-24,EQ,"4,885.35","4,924.90","4,843.05","4,880.75","4,895.00","4,876.90","4,874.92","4,976.00","3,160.00","6,37,364","3,10,70,98,335.70","69,810"
21-Jun-24,EQ,"4,876.90","4,925.30","4,820.00","4,876.90","4,830.30","4,845.50","4,881.31","4,976.00","3,160.00","4,14,677","2,02,41,68,826.35","50,927"
24-Jun-24,EQ,"4,838.00","4,888.70","4,794.20","4,845.50","4,875.00","4,870.90","4,854.18","4,976.00","3,160.00","3,02,473","1,46,82,58,216.50","42,512"
25-Jun-24,EQ,"4,870.90","4,896.00","4,762.05","4,870.90","4,785.00","4,775.05","4,809.22","4,976.00","3,160.00","6,60,144","3,17,47,75,970.15","43,466"
26-Jun-24,EQ,"4,775.05","4,807.40","4,720.00","4,775.05","4,738.00","4,739.70","4,751.86","4,976.00","3,160.00","6,00,784","2,85,48,43,183.10","45,507"
27-Jun-24,EQ,"4,722.00","4,766.45","4,682.05","4,739.70","4,712.05","4,713.80","4,716.69","4,976.00","3,160.00","10,87,487","5,12,93,36,953.05","1,06,336"
28-Jun-24,EQ,"4,713.80","4,733.95","4,655.30","4,713.80","4,667.90","4,672.95","4,684.48","4,976.00","3,160.00","9,39,279","4,40,00,35,451.55","51,220"
1-Jul-24,EQ,"4,640.00","4,729.45","4,626.00","4,672.95","4,630.00","4,635.55","4,650.92","4,976.00","3,160.00","13,64,796","6,34,75,61,146.10","91,866"
2-Jul-24,EQ,"4,635.90","4,699.10","4,592.90","4,635.55","4,634.85","4,625.75","4,626.83","4,976.00","3,160.00","8,65,321","4,00,36,94,690.80","92,168"
3-Jul-24,EQ,"4,643.65","4,703.75","4,638.10","4,625.75","4,700.00","4,692.30","4,683.06","4,976.00","3,160.00","2,57,361","1,20,52,36,970.50","34,022"
4-Jul-24,EQ,"4,692.30","4,725.00","4,662.00","4,692.30","4,685.00","4,689.50","4,691.93","4,976.00","3,160.00","3,13,153","1,46,92,92,345.10","31,878"
5-Jul-24,EQ,"4,700.05","4,748.80","4,698.60","4,689.50","4,723.00","4,737.30","4,730.11","4,976.00","3,160.00","2,58,687","1,22,36,18,540.65","34,648"
8-Jul-24,EQ,"4,758.95","4,775.00","4,716.00","4,737.30","4,752.55","4,754.45","4,749.65","4,976.00","3,160.00","5,42,470","2,57,65,42,834.80","33,016"
9-Jul-24,EQ,"4,757.60","4,838.00","4,742.00","4,754.45","4,825.00","4,828.70","4,780.07","4,976.00","3,160.00","6,31,367","3,01,79,81,529.10","59,333"
10-Jul-24,EQ,"4,842.00","4,955.00","4,795.00","4,828.70","4,836.45","4,849.15","4,868.27","4,976.00","3,160.00","8,32,007","4,05,04,38,327.45","79,879"
11-Jul-24,EQ,"4,878.95","4,885.00","4,805.85","4,849.15","4,850.05","4,828.65","4,831.61","4,976.00","3,160.00","3,08,708","1,49,15,56,684.60","45,947"
12-Jul-24,EQ,"4,828.55","4,879.20","4,815.00","4,828.65","4,857.00","4,860.70","4,851.24","4,976.00","3,160.00","2,90,823","1,41,08,51,573.60","30,521"
15-Jul-24,EQ,"4,851.05","4,917.00","4,825.60","4,860.70","4,885.00","4,881.35","4,879.31","4,976.00","3,274.90","2,23,485","1,09,04,52,525.20","21,812"
16-Jul-24,EQ,"4,881.40","4,935.65","4,861.00","4,881.35","4,920.00","4,916.10","4,914.94","4,976.00","3,274.90","6,64,540","3,26,61,73,774.55","58,596"
18-Jul-24,EQ,"4,818.00","4,965.00","4,784.95","4,916.10","4,927.85","4,941.10","4,883.14","4,976.00","3,274.90","7,73,064","3,77,49,80,887.35","70,225"
19-Jul-24,EQ,"4,905.00","4,925.00","4,820.20","4,941.10","4,857.10","4,850.70","4,852.07","4,976.00","3,274.90","6,62,969","3,21,67,71,308.25","51,650"
22-Jul-24,EQ,"4,767.00","4,869.90","4,759.60","4,850.70","4,850.00","4,857.35","4,827.53","4,976.00","3,274.90","3,77,893","1,82,42,88,379.65","31,237"
23-Jul-24,EQ,"4,857.05","4,975.00","4,785.95","4,857.35","4,908.00","4,919.55","4,905.52","4,976.00","3,274.90","11,28,441","5,53,55,84,889.50","79,248"
24-Jul-24,EQ,"4,918.00","4,942.30","4,879.00","4,919.55","4,922.00","4,915.35","4,904.86","4,976.00","3,274.90","4,00,075","1,96,23,11,435.05","53,167"
25-Jul-24,EQ,"4,900.00","4,923.45","4,872.35","4,915.35","4,895.10","4,900.65","4,902.09","4,976.00","3,274.90","4,13,861","2,02,87,85,497.65","49,437"
26-Jul-24,EQ,"4,896.80","5,058.90","4,863.75","4,900.65","5,013.00","5,012.50","5,000.40","5,058.90","3,274.90","6,25,674","3,12,86,17,388.65","67,434"
29-Jul-24,EQ,"5,034.00","5,047.95","4,931.15","5,012.50","4,968.00","4,962.25","4,964.95","5,058.90","3,274.90","3,38,482","1,68,05,46,759.15","54,014"
30-Jul-24,EQ,"4,950.05","4,978.65","4,904.15","4,962.25","4,950.00","4,951.85","4,933.52","5,058.90","3,274.90","6,83,440","3,37,17,65,193.40","85,701"
31-Jul-24,EQ,"4,951.85","4,992.80","4,939.95","4,951.85","4,980.00","4,962.70","4,966.20","5,058.90","3,274.90","5,67,283","2,81,72,38,504.30","63,237"
1-Aug-24,EQ,"4,970.50","5,023.00","4,903.50","4,962.70","4,963.65","4,968.80","4,947.14","5,058.90","3,274.90","6,54,655","3,23,86,72,967.25","72,234"
2-Aug-24,EQ,"4,884.00","4,884.00","4,691.55","4,968.80","4,713.00","4,726.70","4,766.00","5,058.90","3,274.90","21,20,560","10,10,65,90,776.55","1,86,465"
5-Aug-24,EQ,"4,612.15","4,693.35","4,555.00","4,726.70","4,659.95","4,675.75","4,624.71","5,058.90","3,274.90","9,46,316","4,37,64,40,806.85","79,904"
6-Aug-24,EQ,"4,687.00","4,752.00","4,638.05","4,675.75","4,669.00","4,653.90","4,677.96","5,058.90","3,274.90","5,94,238","2,77,98,23,747.70","48,420"
7-Aug-24,EQ,"4,664.95","4,690.00","4,579.40","4,653.90","4,618.00","4,597.15","4,617.20","5,058.90","3,274.90","10,93,582","5,04,92,90,227.15","71,203"
8-Aug-24,EQ,"4,624.00","4,641.95","4,548.00","4,597.15","4,578.00","4,576.90","4,584.10","5,058.90","3,274.90","9,79,435","4,48,98,30,104.10","77,589"
9-Aug-24,EQ,"4,805.65","4,853.00","4,716.95","4,576.90","4,837.00","4,830.60","4,799.33","5,058.90","3,274.90","16,97,560","8,14,71,50,240.00","1,13,673"
12-Aug-24,EQ,"4,799.00","4,852.05","4,793.35","4,830.60","4,814.00","4,808.80","4,822.64","5,058.90","3,274.90","7,38,630","3,56,21,44,973.60","42,464"
13-Aug-24,EQ,"4,810.20","4,834.90","4,790.10","4,808.80","4,800.00","4,802.25","4,810.78","5,058.90","3,274.90","1,94,849","93,73,76,232.60","23,911"
14-Aug-24,EQ,"4,810.95","4,820.00","4,716.00","4,802.25","4,740.80","4,733.25","4,743.84","5,058.90","3,274.90","3,28,795","1,55,97,50,712.30","37,790"
16-Aug-24,EQ,"4,735.10","4,825.00","4,735.10","4,733.25","4,815.25","4,818.00","4,792.03","5,058.90","3,274.90","2,59,101","1,24,16,19,182.50","24,087"
19-Aug-24,EQ,"4,848.00","4,848.00","4,780.00","4,818.00","4,806.00","4,813.30","4,805.37","5,058.90","3,275.00","2,80,722","1,34,89,73,721.65","24,105"
20-Aug-24,EQ,"4,848.90","4,898.00","4,824.30","4,813.30","4,878.75","4,883.25","4,875.92","5,058.90","3,275.00","5,23,506","2,55,25,74,226.85","32,288"
21-Aug-24,EQ,"4,890.00","4,925.00","4,867.00","4,883.25","4,915.00","4,913.55","4,907.06","5,058.90","3,275.00","2,21,438","1,08,66,09,971.45","18,403"
22-Aug-24,EQ,"4,932.20","4,949.00","4,905.60","4,913.55","4,934.95","4,933.55","4,934.03","5,058.90","3,275.00","5,36,373","2,64,64,79,128.35","50,693"
23-Aug-24,EQ,"4,920.00","4,967.85","4,882.30","4,933.55","4,898.00","4,898.10","4,924.44","5,058.90","3,275.00","2,08,413","1,02,63,16,859.80","22,853"
26-Aug-24,EQ,"4,902.00","4,915.95","4,865.05","4,898.10","4,869.20","4,875.20","4,880.99","5,058.90","3,275.00","3,14,431","1,53,47,34,237.55","34,292"
27-Aug-24,EQ,"4,866.05","4,887.25","4,836.70","4,875.20","4,885.00","4,868.85","4,856.92","5,058.90","3,275.00","3,82,109","1,85,58,73,022.85","28,629"
28-Aug-24,EQ,"4,870.00","4,975.75","4,840.00","4,868.85","4,940.00","4,946.85","4,939.41","5,058.90","3,275.00","4,24,484","2,09,67,02,521.85","36,873"
29-Aug-24,EQ,"4,946.85","4,994.40","4,880.00","4,946.85","4,902.65","4,915.90","4,915.78","5,058.90","3,275.00","5,71,335","2,80,85,59,053.95","57,833"
30-Aug-24,EQ,"4,901.05","4,979.50","4,896.00","4,915.90","4,956.25","4,960.50","4,954.46","5,058.90","3,275.00","4,65,200","2,30,48,14,046.35","39,475"
2-Sep-24,EQ,"4,949.75","5,011.00","4,887.75","4,960.50","4,919.80","4,911.95","4,932.48","5,058.90","3,275.00","3,10,778","1,53,29,05,201.75","38,630"
3-Sep-24,EQ,"4,923.95","4,940.00","4,856.05","4,911.95","4,871.00","4,865.80","4,899.43","5,058.90","3,275.00","2,63,404","1,29,05,30,752.00","29,068"
4-Sep-24,EQ,"4,830.00","4,877.45","4,821.20","4,865.80","4,850.00","4,833.55","4,845.14","5,058.90","3,275.00","4,76,838","2,31,03,45,252.10","38,114"
5-Sep-24,EQ,"4,850.00","4,863.10","4,787.15","4,833.55","4,800.00","4,800.10","4,816.89","5,058.90","3,275.00","3,98,344","1,91,87,79,104.25","40,109"
6-Sep-24,EQ,"4,794.70","4,830.00","4,740.20","4,800.10","4,748.00","4,752.50","4,767.54","5,058.90","3,275.00","2,91,111","1,38,78,81,952.15","43,601"
9-Sep-24,EQ,"4,752.50","4,780.00","4,716.10","4,752.50","4,743.00","4,747.35","4,741.73","5,058.90","3,275.00","2,72,444","1,29,18,57,089.30","32,035"
10-Sep-24,EQ,"4,749.00","4,767.50","4,689.35","4,747.35","4,722.55","4,737.20","4,738.24","5,058.90","3,275.00","4,04,100","1,91,47,24,614.70","45,440"
11-Sep-24,EQ,"4,730.00","4,779.50","4,702.00","4,737.20","4,715.00","4,726.65","4,740.69","5,058.90","3,275.00","3,84,214","1,82,14,38,218.55","50,021"
12-Sep-24,EQ,"4,744.90","4,895.00","4,717.70","4,726.65","4,857.90","4,875.00","4,788.65","5,058.90","3,275.00","7,57,317","3,62,65,26,239.30","75,969"
13-Sep-24,EQ,"4,857.90","4,881.40","4,828.00","4,875.00","4,874.00","4,858.30","4,858.49","5,058.90","3,275.00","3,15,869","1,53,46,45,322.80","30,757"
16-Sep-24,EQ,"4,884.95","4,938.75","4,860.00","4,858.30","4,901.10","4,899.20","4,904.87","5,058.90","3,275.00","4,53,831","2,22,59,80,660.00","41,162"
17-Sep-24,EQ,"4,898.50","4,898.50","4,816.65","4,899.20","4,850.00","4,850.20","4,849.42","5,058.90","3,275.00","3,56,442","1,72,85,36,190.15","47,703"
18-Sep-24,EQ,"4,864.00","4,878.70","4,812.25","4,850.20","4,852.10","4,850.35","4,847.96","5,058.90","3,275.00","2,95,359","1,43,18,89,242.20","38,831"
19-Sep-24,EQ,"4,875.00","4,923.80","4,845.10","4,850.35","4,873.00","4,864.90","4,876.33","5,058.90","3,275.00","3,57,206","1,74,18,54,126.70","46,496"
20-Sep-24,EQ,"4,866.80","5,062.20","4,854.40","4,864.90","4,982.20","4,963.15","4,984.42","5,062.20","3,275.00","13,32,877","6,64,36,14,815.40","98,013"
23-Sep-24,EQ,"4,990.00","4,991.40","4,854.65","4,963.15","4,882.00","4,879.55","4,886.78","5,062.20","3,275.00","8,99,953","4,39,78,74,827.50","72,032"
24-Sep-24,EQ,"4,887.50","4,894.95","4,855.00","4,879.55","4,879.00","4,876.90","4,875.01","5,062.20","3,275.00","4,81,696","2,34,82,72,082.10","56,007"
25-Sep-24,EQ,"4,851.00","4,920.00","4,851.00","4,876.90","4,893.00","4,895.25","4,889.21","5,062.20","3,275.00","6,65,986","3,25,61,46,738.30","46,761"
26-Sep-24,EQ,"4,915.00","4,999.90","4,890.00","4,895.25","4,990.00","4,994.25","4,962.78","5,062.20","3,275.00","7,90,345","3,92,23,04,862.90","81,397"
27-Sep-24,EQ,"4,990.00","5,105.00","4,953.35","4,994.25","5,062.75","5,062.60","5,048.83","5,105.00","3,275.00","10,40,624","5,25,39,35,283.05","76,461"
30-Sep-24,EQ,"5,062.00","5,085.00","4,998.50","5,062.60","5,036.15","5,026.25","5,034.83","5,105.00","3,275.00","5,16,973","2,60,28,73,587.80","46,266"
1-Oct-24,EQ,"5,026.30","5,045.95","4,952.00","5,026.25","4,977.40","4,972.65","4,977.82","5,105.00","3,275.00","4,49,002","2,23,50,50,383.45","54,231"
3-Oct-24,EQ,"4,930.00","4,950.00","4,711.00","4,972.65","4,792.00","4,782.50","4,801.05","5,105.00","3,275.00","13,37,657","6,42,21,53,242.80","1,15,812"
4-Oct-24,EQ,"4,782.00","4,802.80","4,690.85","4,782.50","4,713.00","4,706.80","4,745.41","5,105.00","3,275.00","4,66,001","2,21,13,67,848.55","56,511"
7-Oct-24,EQ,"4,748.80","4,748.80","4,650.00","4,706.80","4,669.50","4,667.95","4,689.13","5,105.00","3,275.00","4,47,523","2,09,84,92,356.65","51,464"
8-Oct-24,EQ,"4,650.00","4,738.50","4,586.20","4,667.95","4,697.60","4,693.45","4,663.66","5,105.00","3,275.00","6,61,110","3,08,31,93,850.05","69,357"
9-Oct-24,EQ,"4,698.90","4,737.90","4,660.00","4,693.45","4,716.85","4,708.90","4,692.24","5,105.00","3,275.00","9,30,717","4,36,71,49,330.15","57,953"
10-Oct-24,EQ,"4,737.80","4,769.00","4,690.00","4,708.90","4,696.40","4,697.90","4,724.78","5,105.00","3,275.00","3,05,739","1,44,45,50,271.10","53,554"
11-Oct-24,EQ,"4,704.00","4,808.15","4,660.00","4,697.90","4,735.90","4,728.05","4,723.82","5,105.00","3,275.00","8,44,931","3,99,13,01,696.80","50,992"
14-Oct-24,EQ,"4,749.00","4,810.00","4,730.65","4,728.05","4,777.55","4,779.80","4,775.15","5,105.00","3,275.00","3,46,430","1,65,42,54,300.80","37,718"
15-Oct-24,EQ,"4,779.75","4,799.90","4,695.90","4,779.80","4,723.00","4,722.10","4,730.29","5,105.00","3,275.00","3,70,224","1,75,12,66,394.65","44,974"
16-Oct-24,EQ,"4,724.00","4,734.00","4,641.00","4,722.10","4,675.00","4,678.25","4,678.73","5,105.00","3,275.00","3,80,474","1,78,01,35,443.95","56,872"
17-Oct-24,EQ,"4,645.00","4,654.95","4,521.00","4,678.25","4,632.05","4,623.85","4,598.87","5,105.00","3,275.00","5,14,244","2,36,49,43,830.25","64,067"
18-Oct-24,EQ,"4,613.90","4,799.90","4,612.05","4,623.85","4,761.75","4,765.65","4,751.48","5,105.00","3,275.00","7,78,795","3,70,04,28,240.80","73,635"
21-Oct-24,EQ,"4,765.00","4,852.85","4,743.00","4,765.65","4,798.10","4,810.45","4,808.67","5,105.00","3,275.00","7,45,473","3,58,47,31,998.20","84,577"
22-Oct-24,EQ,"4,810.45","4,826.20","4,749.65","4,810.45","4,759.45","4,759.05","4,780.29","5,105.00","3,275.00","5,28,037","2,52,41,70,712.70","31,633"
23-Oct-24,EQ,"4,722.55","4,725.45","4,653.15","4,759.05","4,660.70","4,677.75","4,689.55","5,105.00","3,275.00","6,55,987","3,07,62,85,095.75","47,729"
24-Oct-24,EQ,"4,665.00","4,684.65","4,630.15","4,677.75","4,670.00","4,668.50","4,664.53","5,105.00","3,275.00","2,88,778","1,34,70,13,612.20","32,211"
25-Oct-24,EQ,"4,650.00","4,672.65","4,508.75","4,668.50","4,601.00","4,591.60","4,571.69","5,105.00","3,275.00","4,46,738","2,04,23,46,129.35","52,913"
28-Oct-24,EQ,"4,591.60","4,765.00","4,533.65","4,591.60","4,697.95","4,720.65","4,671.34","5,105.00","3,275.00","9,89,928","4,62,42,93,659.30","69,991"
29-Oct-24,EQ,"4,688.00","4,918.55","4,685.45","4,720.65","4,880.00","4,898.15","4,810.84","5,105.00","3,275.00","10,65,819","5,12,74,84,242.65","97,905"
30-Oct-24,EQ,"4,850.10","4,947.75","4,850.10","4,898.15","4,866.20","4,869.25","4,906.05","5,105.00","3,275.00","8,42,334","4,13,25,35,704.40","78,134"
31-Oct-24,EQ,"4,869.00","4,915.00","4,820.70","4,869.25","4,909.95","4,894.65","4,886.53","5,105.00","3,275.00","5,10,074","2,49,24,90,505.15","62,287"
1-Nov-24,EQ,"4,984.85","4,990.00","4,930.00","4,894.65","4,940.00","4,953.60","4,961.13","5,105.00","3,275.00","79,729","39,55,46,092.20","7,715"
4-Nov-24,EQ,"5,002.45","5,015.00","4,791.05","4,953.60","4,830.35","4,831.85","4,874.60","5,105.00","3,437.45","7,19,165","3,50,56,39,875.20","81,208"
5-Nov-24,EQ,"4,831.85","4,910.00","4,808.00","4,831.85","4,910.00","4,899.80","4,878.86","5,105.00","3,437.45","4,99,976","2,43,93,13,859.80","60,862"
6-Nov-24,EQ,"4,910.95","4,960.40","4,906.95","4,899.80","4,920.95","4,917.15","4,933.49","5,105.00","3,437.45","3,70,356","1,82,71,46,105.15","47,097"
7-Nov-24,EQ,"4,917.15","4,920.95","4,817.65","4,917.15","4,875.00","4,878.00","4,860.81","5,105.00","3,437.45","2,21,554","1,07,69,30,944.00","29,733"
8-Nov-24,EQ,"4,875.00","4,877.95","4,755.35","4,878.00","4,792.20","4,785.25","4,802.10","5,105.00","3,437.45","1,94,765","93,52,80,496.80","34,777"
11-Nov-24,EQ,"4,762.00","4,832.60","4,750.30","4,785.25","4,789.10","4,793.45","4,801.84","5,105.00","3,562.45","2,09,237","1,00,47,23,215.35","24,620"
12-Nov-24,EQ,"4,788.00","4,807.25","4,705.55","4,793.45","4,719.00","4,738.20","4,746.31","5,105.00","3,562.45","3,26,018","1,54,73,83,469.20","48,915"
13-Nov-24,EQ,"4,700.00","4,719.95","4,536.05","4,738.20","4,598.80","4,588.70","4,593.50","5,105.00","3,562.45","6,56,931","3,01,76,13,123.10","65,871"
14-Nov-24,EQ,"4,725.45","4,973.00","4,705.30","4,588.70","4,890.95","4,883.70","4,912.07","5,105.00","3,562.45","28,74,648","14,12,04,83,874.35","1,97,367"
18-Nov-24,EQ,"4,879.95","4,914.00","4,863.00","4,883.70","4,874.00","4,875.65","4,888.48","5,105.00","3,562.45","4,94,329","2,41,65,17,437.70","65,184"
19-Nov-24,EQ,"4,880.00","5,014.05","4,880.00","4,875.65","4,953.00","4,965.45","4,976.95","5,105.00","3,562.45","4,52,273","2,25,09,39,661.10","54,001"
21-Nov-24,EQ,"4,890.30","4,958.00","4,867.40","4,965.45","4,895.00","4,882.10","4,905.07","5,105.00","3,562.45","5,93,722","2,91,22,47,388.40","79,979"
22-Nov-24,EQ,"4,913.00","5,005.00","4,882.00","4,882.10","4,980.50","4,986.20","4,951.57","5,105.00","3,562.45","3,39,941","1,68,32,41,250.30","57,001"
25-Nov-24,EQ,"4,999.00","5,067.00","4,988.00","4,986.20","5,009.00","5,002.35","5,014.01","5,105.00","3,562.45","9,45,466","4,74,05,75,647.90","66,541"
26-Nov-24,EQ,"5,009.00","5,014.35","4,875.00","5,002.35","4,947.00","4,931.75","4,920.24","5,105.00","3,562.45","5,64,637","2,77,81,51,704.00","59,597"
27-Nov-24,EQ,"4,933.00","4,971.90","4,890.10","4,931.75","4,923.00","4,917.50","4,922.02","5,105.00","3,562.45","1,89,349","93,19,79,840.35","28,494"
28-Nov-24,EQ,"4,920.00","4,920.00","4,793.80","4,917.50","4,849.00","4,815.70","4,833.49","5,105.00","3,562.45","9,54,250","4,61,23,61,482.25","1,11,888"
29-Nov-24,EQ,"4,838.00","4,864.30","4,808.00","4,815.70","4,832.20","4,831.85","4,833.97","5,105.00","3,562.45","4,07,774","1,97,11,67,857.30","33,922"
2-Dec-24,EQ,"4,838.05","4,845.50","4,693.55","4,831.85","4,824.95","4,820.70","4,800.07","5,105.00","3,562.45","2,50,521","1,20,25,19,159.05","31,210"
3-Dec-24,EQ,"4,820.75","4,870.00","4,820.75","4,820.70","4,842.00","4,844.35","4,842.19","5,105.00","3,562.45","3,51,449","1,70,17,82,565.60","47,974"
4-Dec-24,EQ,"4,836.05","4,878.80","4,751.00","4,844.35","4,803.55","4,797.05","4,807.13","5,105.00","3,562.45","3,49,544","1,68,03,02,375.50","42,361"
5-Dec-24,EQ,"4,797.05","4,880.00","4,760.00","4,797.05","4,826.05","4,837.55","4,815.03","5,105.00","3,562.45","5,25,957","2,53,24,99,340.10","77,188"
6-Dec-24,EQ,"4,851.00","4,928.70","4,827.55","4,837.55","4,882.85","4,877.05","4,881.97","5,105.00","3,562.45","3,27,806","1,60,03,40,003.65","36,748"
9-Dec-24,EQ,"4,886.60","4,888.00","4,815.00","4,877.05","4,857.40","4,842.10","4,841.16","5,105.00","3,562.45","3,77,043","1,82,53,26,125.50","28,283"
10-Dec-24,EQ,"4,840.00","4,874.90","4,797.50","4,842.10","4,815.60","4,813.05","4,823.61","5,105.00","3,562.45","3,42,297","1,65,11,07,195.40","36,118"
11-Dec-24,EQ,"4,822.00","4,833.60","4,795.10","4,813.05","4,803.35","4,801.95","4,810.77","5,105.00","3,562.45","2,40,736","1,15,81,24,479.90","29,297"
12-Dec-24,EQ,"4,801.95","4,820.00","4,775.00","4,801.95","4,802.70","4,807.65","4,798.80","5,105.00","3,562.45","2,36,847","1,13,65,81,257.35","37,435"
13-Dec-24,EQ,"4,788.00","4,858.45","4,754.20","4,807.65","4,831.00","4,825.90","4,808.21","5,105.00","3,562.45","4,04,369","1,94,42,91,918.80","32,779"
16-Dec-24,EQ,"4,820.00","4,865.00","4,800.00","4,825.90","4,822.00","4,838.50","4,827.91","5,105.00","3,562.45","4,04,180","1,95,13,45,500.15","31,195"
17-Dec-24,EQ,"4,808.10","4,830.00","4,726.95","4,838.50","4,730.00","4,742.65","4,777.02","5,105.00","3,562.45","4,02,231","1,92,14,64,369.25","33,489"
18-Dec-24,EQ,"4,724.00","4,799.35","4,716.35","4,742.65","4,758.95","4,749.85","4,764.63","5,105.00","3,562.45","3,31,577","1,57,98,42,543.95","29,155"
19-Dec-24,EQ,"4,710.00","4,780.00","4,673.60","4,749.85","4,770.00","4,771.95","4,741.97","5,105.00","3,562.45","5,00,287","2,37,23,46,460.85","64,173"
20-Dec-24,EQ,"4,748.00","4,822.45","4,720.00","4,771.95","4,740.00","4,734.50","4,764.90","5,105.00","3,562.45","3,86,086","1,83,96,59,681.80","40,390"
23-Dec-24,EQ,"4,750.00","4,776.20","4,698.00","4,734.50","4,756.95","4,750.55","4,747.80","5,105.00","3,562.45","3,71,318","1,76,29,42,881.90","46,896"
24-Dec-24,EQ,"4,750.55","4,808.00","4,738.65","4,750.55","4,800.00","4,792.90","4,784.68","5,105.00","3,562.45","2,27,611","1,08,90,45,934.95","28,645"
26-Dec-24,EQ,"4,792.90","4,824.35","4,772.00","4,792.90","4,800.00","4,801.35","4,796.38","5,105.00","3,562.45","3,28,172","1,57,40,38,704.10","39,609"
27-Dec-24,EQ,"4,820.00","4,954.95","4,789.55","4,801.35","4,874.00","4,876.90","4,897.11","5,105.00","3,562.45","4,08,992","2,00,28,78,067.80","49,541"
30-Dec-24,EQ,"4,890.00","4,904.95","4,832.30","4,876.90","4,850.00","4,855.80","4,870.85","5,105.00","3,562.45","2,42,799","1,18,26,37,597.05","35,170"
31-Dec-24,EQ,"4,827.00","4,872.40","4,810.00","4,855.80","4,825.00","4,821.90","4,839.75","5,105.00","3,562.45","3,13,948","1,51,94,29,728.05","33,582"
1-Jan-25,EQ,"4,829.00","4,906.45","4,742.45","4,821.90","4,867.25","4,885.30","4,835.92","5,105.00","3,562.45","2,90,234","1,40,35,47,368.70","39,120"
2-Jan-25,EQ,"4,885.00","5,330.00","4,867.25","4,885.30","5,303.00","5,308.10","5,194.51","5,330.00","3,562.45","28,63,478","14,87,43,73,119.00","2,36,386"
3-Jan-25,EQ,"5,325.00","5,385.70","5,270.75","5,308.10","5,310.00","5,310.75","5,325.66","5,385.70","3,562.45","8,36,689","4,45,59,22,961.50","79,634"
6-Jan-25,EQ,"5,310.75","5,350.00","5,188.45","5,310.75","5,246.00","5,250.10","5,257.03","5,385.70","3,562.45","4,19,050","2,20,29,58,391.65","54,279"
7-Jan-25,EQ,"5,250.10","5,292.00","5,166.50","5,250.10","5,175.00","5,177.30","5,205.63","5,385.70","3,562.45","4,39,721","2,28,90,22,759.00","73,865"
8-Jan-25,EQ,"5,212.20","5,237.85","5,134.30","5,177.30","5,163.75","5,163.20","5,171.49","5,385.70","3,562.45","3,43,162","1,77,46,58,603.50","69,284"
9-Jan-25,EQ,"5,186.30","5,195.85","5,105.00","5,163.20","5,153.55","5,139.90","5,140.83","5,385.70","3,562.45","2,39,408","1,23,07,56,888.55","53,390"
10-Jan-25,EQ,"5,150.00","5,162.70","5,040.00","5,139.90","5,061.45","5,058.45","5,075.72","5,385.70","3,562.45","3,16,803","1,60,80,04,360.85","52,887"
13-Jan-25,EQ,"5,010.00","5,024.20","4,925.60","5,058.45","4,946.55","4,939.10","4,958.84","5,385.70","3,562.45","2,13,093","1,05,66,93,933.55","42,628"
14-Jan-25,EQ,"4,950.05","5,041.35","4,950.05","4,939.10","5,033.10","5,029.55","5,006.42","5,385.70","3,562.45","4,48,429","2,24,50,23,617.65","38,762"
15-Jan-25,EQ,"5,037.90","5,093.40","5,004.20","5,029.55","5,089.70","5,081.90","5,060.71","5,385.70","3,562.45","4,97,259","2,51,64,85,152.45","45,744"
16-Jan-25,EQ,"5,112.05","5,134.10","5,034.90","5,081.90","5,060.95","5,047.80","5,075.59","5,385.70","3,562.45","4,35,315","2,20,94,80,527.55","50,913"
17-Jan-25,EQ,"5,005.00","5,075.40","4,998.05","5,047.80","5,021.25","5,012.30","5,027.95","5,385.70","3,562.45","1,97,564","99,33,41,437.65","25,283"
20-Jan-25,EQ,"5,012.35","5,038.45","4,930.00","5,012.30","5,018.10","5,016.75","4,998.89","5,385.70","3,562.45","2,55,315","1,27,62,91,431.35","34,026"
21-Jan-25,EQ,"5,032.35","5,080.00","4,960.00","5,016.75","4,968.70","4,969.95","5,011.12","5,385.70","3,562.45","4,16,551","2,08,73,88,107.50","46,004"
22-Jan-25,EQ,"4,980.00","5,025.00","4,953.20","4,969.95","4,996.50","5,009.70","4,992.52","5,385.70","3,562.45","4,94,734","2,46,99,68,685.15","64,810"
23-Jan-25,EQ,"4,996.60","5,158.00","4,977.80","5,009.70","5,111.00","5,116.20","5,092.53","5,385.70","3,562.45","4,42,186","2,25,18,44,469.45","73,775"
24-Jan-25,EQ,"5,134.00","5,224.50","5,115.05","5,116.20","5,190.25","5,206.30","5,182.66","5,385.70","3,562.45","7,30,641","3,78,66,66,191.75","77,961"
27-Jan-25,EQ,"5,190.00","5,208.00","5,115.60","5,206.30","5,140.00","5,144.50","5,149.94","5,385.70","3,590.05","4,18,597","2,15,57,51,182.35","68,398"
28-Jan-25,EQ,"5,160.00","5,194.00","5,090.00","5,144.50","5,100.50","5,105.40","5,152.72","5,385.70","3,590.05","6,03,950","3,11,19,87,659.50","75,657"
29-Jan-25,EQ,"5,080.55","5,235.00","5,080.55","5,105.40","5,181.25","5,182.90","5,188.33","5,385.70","3,590.05","3,57,310","1,85,38,43,892.05","60,599"
30-Jan-25,EQ,"5,182.90","5,268.00","5,140.05","5,182.90","5,160.00","5,164.35","5,195.41","5,385.70","3,590.05","4,80,830","2,49,81,08,254.25","66,946"
31-Jan-25,EQ,"5,165.00","5,244.00","5,145.00","5,164.35","5,198.25","5,194.30","5,195.28","5,385.70","3,590.05","3,94,118","2,04,75,53,046.80","46,769"
1-Feb-25,EQ,"5,214.80","5,423.05","5,130.10","5,194.30","5,394.45","5,390.15","5,307.89","5,423.05","3,590.05","6,09,534","3,23,53,36,405.20","73,765"
3-Feb-25,EQ,"5,575.00","5,575.50","5,406.90","5,390.15","5,474.00","5,485.25","5,487.61","5,575.50","3,672.00","13,30,533","7,30,14,43,114.00","1,29,014"
4-Feb-25,EQ,"5,536.55","5,554.15","5,442.00","5,485.25","5,451.00","5,450.10","5,488.02","5,575.50","3,672.00","5,91,631","3,24,68,83,756.10","75,856"
5-Feb-25,EQ,"5,450.00","5,470.00","5,351.00","5,450.10","5,428.10","5,417.20","5,409.30","5,575.50","3,672.00","4,42,234","2,39,21,76,949.25","56,295"
6-Feb-25,EQ,"5,428.10","5,445.05","5,330.90","5,417.20","5,350.00","5,342.00","5,366.36","5,575.50","3,672.00","3,61,000","1,93,72,56,939.80","69,431"
7-Feb-25,EQ,"5,368.65","5,399.00","5,320.05","5,342.00","5,391.85","5,372.55","5,349.58","5,575.50","3,672.00","6,04,384","3,23,31,98,487.95","82,257"
10-Feb-25,EQ,"5,400.00","5,444.90","5,307.40","5,372.55","5,327.80","5,335.35","5,363.74","5,575.50","3,672.00","6,31,815","3,38,88,91,373.95","83,029"
11-Feb-25,EQ,"5,138.85","5,139.50","4,954.95","5,335.35","4,977.95","4,972.35","5,024.15","5,575.50","3,672.00","22,72,410","11,41,69,17,833.35","1,91,586"
12-Feb-25,EQ,"4,950.00","5,000.00","4,834.40","4,972.35","4,855.00","4,849.45","4,921.97","5,575.50","3,672.00","8,13,864","4,00,58,17,111.00","1,13,955"
13-Feb-25,EQ,"4,850.65","4,907.05","4,790.00","4,849.45","4,808.05","4,820.40","4,852.93","5,575.50","3,672.00","5,71,526","2,77,35,72,865.35","1,03,530"
14-Feb-25,EQ,"4,831.10","4,850.00","4,686.05","4,820.40","4,705.00","4,703.35","4,722.53","5,575.50","3,672.00","4,76,473","2,25,01,59,393.80","66,577"
17-Feb-25,EQ,"4,700.00","4,755.00","4,646.00","4,703.35","4,754.00","4,745.20","4,713.78","5,575.50","3,672.00","2,32,211","1,09,45,90,597.20","49,018"
18-Feb-25,EQ,"4,769.00","4,772.50","4,684.45","4,745.20","4,726.00","4,719.40","4,714.28","5,575.50","3,672.00","2,54,026","1,19,75,50,049.80","38,433"
19-Feb-25,EQ,"4,700.00","4,821.00","4,677.05","4,719.40","4,810.00","4,810.60","4,772.08","5,575.50","3,672.00","2,75,722","1,31,57,67,936.40","46,433"
20-Feb-25,EQ,"4,780.00","4,899.00","4,777.00","4,810.60","4,897.00","4,888.40","4,864.28","5,575.50","3,672.00","2,77,284","1,34,87,85,755.45","49,187"
21-Feb-25,EQ,"4,888.00","4,982.90","4,855.00","4,888.40","4,968.00","4,962.45","4,946.15","5,575.50","3,672.00","3,24,027","1,60,26,87,359.40","46,244"
24-Feb-25,EQ,"4,936.00","5,049.90","4,915.55","4,962.45","5,016.65","5,010.80","5,009.87","5,575.50","3,672.00","4,10,180","2,05,49,48,590.25","70,080"
25-Feb-25,EQ,"5,028.00","5,075.00","4,978.05","5,010.80","4,997.75","4,989.80","5,019.16","5,575.50","3,672.00","4,02,917","2,02,23,04,893.35","48,763"
27-Feb-25,EQ,"4,960.50","5,000.00","4,889.85","4,989.80","4,920.00","4,935.50","4,929.49","5,575.50","3,672.00","5,61,804","2,76,94,05,957.85","48,780"
28-Feb-25,EQ,"4,910.05","4,931.95","4,755.00","4,935.50","4,803.00","4,773.60","4,827.30","5,575.50","3,672.00","10,76,243","5,19,53,51,944.95","1,07,333"
3-Mar-25,EQ,"4,827.00","4,928.00","4,827.00","4,773.60","4,914.00","4,906.60","4,890.42","5,575.50","3,672.00","5,03,560","2,46,26,19,572.20","74,867"
4-Mar-25,EQ,"4,887.00","4,887.00","4,788.30","4,906.60","4,808.05","4,815.10","4,834.11","5,575.50","3,672.00","6,38,281","3,08,55,20,938.20","1,04,850"
5-Mar-25,EQ,"4,808.00","5,004.00","4,780.90","4,815.10","4,990.60","4,988.30","4,955.62","5,575.50","3,672.00","5,51,830","2,73,46,58,528.90","87,549"
6-Mar-25,EQ,"4,995.60","5,107.10","4,995.60","4,988.30","5,086.00","5,094.40","5,056.36","5,575.50","3,672.00","6,48,307","3,27,80,72,679.90","88,275"
7-Mar-25,EQ,"5,094.40","5,131.40","5,073.00","5,094.40","5,130.00","5,100.70","5,107.74","5,575.50","3,672.00","5,90,548","3,01,63,62,905.80","41,109"
10-Mar-25,EQ,"5,123.00","5,130.00","4,970.65","5,100.70","4,972.50","4,990.55","5,034.16","5,575.50","3,672.00","3,16,750","1,59,45,70,036.00","45,702"
11-Mar-25,EQ,"4,950.00","5,010.00","4,912.05","4,990.55","5,005.00","4,985.55","4,974.06","5,575.50","3,672.00","2,28,128","1,13,47,23,076.30","37,829"
12-Mar-25,EQ,"4,985.00","5,039.90","4,960.50","4,985.55","5,024.25","5,017.45","5,002.67","5,575.50","3,672.00","2,35,018","1,17,57,18,163.25","32,220"
13-Mar-25,EQ,"5,030.50","5,047.50","4,965.05","5,017.45","5,010.00","5,015.25","5,013.03","5,575.50","3,672.00","2,65,867","1,33,28,00,406.45","36,902"
17-Mar-25,EQ,"4,935.00","5,076.95","4,935.00","5,015.25","5,050.20","5,050.25","5,041.14","5,575.50","3,672.00","2,87,729","1,45,04,81,743.10","46,074"
18-Mar-25,EQ,"5,066.20","5,145.00","5,065.70","5,050.25","5,104.80","5,127.40","5,110.59","5,575.50","3,672.00","3,28,246","1,67,75,30,597.10","45,966"
19-Mar-25,EQ,"5,131.00","5,139.60","5,054.60","5,127.40","5,105.00","5,100.90","5,095.40","5,575.50","3,672.00","4,17,978","2,12,97,66,250.95","46,552"
20-Mar-25,EQ,"5,129.00","5,258.95","5,113.30","5,100.90","5,234.00","5,229.35","5,217.16","5,575.50","3,672.00","4,91,655","2,56,50,42,227.50","59,222"
21-Mar-25,EQ,"5,249.15","5,327.95","5,230.35","5,229.35","5,315.05","5,305.95","5,293.80","5,575.50","3,672.00","4,14,691","2,19,52,92,214.05","37,927"
24-Mar-25,EQ,"5,325.50","5,456.00","5,312.90","5,305.95","5,426.00","5,424.20","5,396.93","5,575.50","3,886.10","3,16,612","1,70,87,33,454.55","41,935"
25-Mar-25,EQ,"5,460.00","5,499.85","5,401.20","5,424.20","5,419.00","5,431.25","5,446.79","5,575.50","3,886.10","3,24,007","1,76,47,97,359.05","56,087"
26-Mar-25,EQ,"5,433.90","5,495.00","5,390.00","5,431.25","5,398.00","5,403.30","5,439.06","5,575.50","3,886.10","3,84,678","2,09,22,87,790.45","57,741"
27-Mar-25,EQ,"5,329.45","5,405.00","5,300.00","5,403.30","5,347.00","5,345.75","5,354.87","5,575.50","3,886.10","6,03,145","3,22,97,64,426.70","70,233"
28-Mar-25,EQ,"5,363.00","5,408.35","5,322.45","5,345.75","5,345.25","5,347.70","5,358.56","5,575.50","3,886.10","2,86,609","1,53,58,10,547.55","44,226"
1-Apr-25,EQ,"5,365.55","5,525.00","5,266.10","5,347.70","5,301.15","5,307.20","5,355.30","5,575.50","3,886.10","5,62,006","3,00,97,10,486.45","75,797"
2-Apr-25,EQ,"5,361.70","5,393.95","5,311.25","5,307.20","5,322.00","5,355.50","5,346.81","5,575.50","3,886.10","3,65,908","1,95,64,39,645.00","48,174"
3-Apr-25,EQ,"5,265.00","5,408.30","5,265.00","5,355.50","5,372.50","5,379.15","5,376.68","5,575.50","3,886.10","2,24,286","1,20,59,13,794.90","29,951"
4-Apr-25,EQ,"5,350.95","5,355.10","5,230.00","5,379.15","5,240.25","5,247.90","5,284.10","5,575.50","3,886.10","2,61,887","1,38,38,37,506.95","39,560"
7-Apr-25,EQ,"5,000.00","5,167.40","4,999.95","5,247.90","5,078.40","5,065.25","5,076.21","5,575.50","4,011.60","5,19,173","2,63,54,31,026.15","53,428"
8-Apr-25,EQ,"5,165.55","5,269.00","5,109.80","5,065.25","5,238.95","5,231.35","5,205.77","5,575.50","4,011.60","3,55,195","1,84,90,63,541.90","55,452"
9-Apr-25,EQ,"5,270.55","5,324.00","5,182.35","5,231.35","5,254.95","5,258.30","5,258.03","5,575.50","4,011.60","4,72,302","2,48,33,77,124.10","61,725"
11-Apr-25,EQ,"5,290.00","5,409.00","5,290.00","5,258.30","5,339.40","5,350.90","5,359.34","5,575.50","4,011.60","5,00,528","2,68,25,00,702.50","53,726"
15-Apr-25,EQ,"5,464.00","5,557.00","5,399.00","5,350.90","5,549.50","5,529.00","5,497.10","5,575.50","4,193.75","5,42,322","2,98,11,95,788.50","63,928"
16-Apr-25,EQ,"5,549.00","5,630.00","5,539.00","5,529.00","5,600.00","5,615.50","5,599.42","5,630.00","4,193.75","7,34,279","4,11,15,33,746.00","65,271"
17-Apr-25,EQ,"5,615.50","5,715.50","5,576.00","5,615.50","5,663.00","5,678.50","5,662.56","5,715.50","4,193.75","5,64,357","3,19,57,03,020.00","79,735"
21-Apr-25,EQ,"5,695.50","5,857.50","5,643.50","5,678.50","5,808.00","5,810.50","5,784.39","5,857.50","4,253.85","5,51,547","3,19,03,60,229.50","46,644"
22-Apr-25,EQ,"5,811.00","5,906.50","5,766.50","5,810.50","5,789.00","5,784.00","5,830.24","5,906.50","4,253.85","4,59,537","2,67,92,13,179.50","52,379"
23-Apr-25,EQ,"5,789.00","5,816.50","5,605.50","5,784.00","5,730.00","5,740.00","5,712.56","5,906.50","4,253.85","5,82,611","3,32,82,02,930.00","71,511"
24-Apr-25,EQ,"5,736.00","5,774.50","5,620.00","5,740.00","5,632.00","5,650.50","5,678.29","5,906.50","4,253.85","5,03,663","2,85,99,43,645.50","59,332"
25-Apr-25,EQ,"5,662.50","5,668.00","5,517.50","5,650.50","5,560.00","5,575.50","5,580.77","5,906.50","4,253.85","4,57,510","2,55,32,58,451.00","45,892"
28-Apr-25,EQ,"5,580.50","5,658.00","5,550.50","5,575.50","5,618.00","5,622.00","5,618.00","5,906.50","4,253.85","4,03,569","2,26,72,50,051.00","58,261"
29-Apr-25,EQ,"5,626.50","5,691.50","5,508.00","5,622.00","5,574.50","5,579.00","5,570.01","5,906.50","4,253.85","3,09,552","1,72,42,07,968.00","48,124"
30-Apr-25,EQ,"5,605.00","5,605.00","5,505.50","5,579.00","5,573.50","5,567.00","5,558.91","5,906.50","4,253.85","5,09,786","2,83,38,53,646.00","53,509"
2-May-25,EQ,"5,560.00","5,560.00","5,376.00","5,567.00","5,428.00","5,437.50","5,436.49","5,906.50","4,253.85","6,95,557","3,78,13,88,630.50","72,873"
5-May-25,EQ,"5,469.50","5,480.00","5,411.00","5,437.50","5,473.00","5,460.50","5,450.54","5,906.50","4,253.85","3,20,466","1,74,67,13,176.00","36,689"
6-May-25,EQ,"5,460.50","5,597.00","5,440.50","5,460.50","5,505.00","5,515.00","5,542.36","5,906.50","4,253.85","5,14,699","2,85,26,46,553.00","51,260"
7-May-25,EQ,"5,460.50","5,571.00","5,452.50","5,515.00","5,468.50","5,489.00","5,506.44","5,906.50","4,253.85","3,49,955","1,92,70,04,526.00","39,958"
8-May-25,EQ,"5,463.50","5,488.50","5,339.50","5,489.00","5,355.00","5,372.50","5,403.54","5,906.50","4,253.85","6,09,858","3,29,53,92,532.50","58,774"
9-May-25,EQ,"5,295.00","5,340.50","5,260.50","5,372.50","5,328.00","5,324.00","5,300.75","5,906.50","4,253.85","4,12,056","2,18,42,04,245.50","73,452"
12-May-25,EQ,"5,505.00","5,541.00","5,414.00","5,324.00","5,525.00","5,520.00","5,498.63","5,906.50","4,253.85","3,27,631","1,80,15,22,776.00","37,927"
13-May-25,EQ,"5,506.50","5,553.50","5,392.50","5,520.00","5,424.00","5,419.00","5,443.59","5,906.50","4,253.85","4,16,275","2,26,60,29,794.50","44,047"
14-May-25,EQ,"5,430.00","5,477.50","5,360.00","5,419.00","5,447.00","5,446.50","5,434.81","5,906.50","4,253.85","3,15,866","1,71,66,70,532.00","39,786"
15-May-25,EQ,"5,500.00","5,548.00","5,360.00","5,446.50","5,473.50","5,466.00","5,456.86","5,906.50","4,253.85","19,30,277","10,53,32,43,960.50","1,68,706"
16-May-25,EQ,"5,504.00","5,585.50","5,491.00","5,466.00","5,509.00","5,509.50","5,538.12","5,906.50","4,253.85","6,38,327","3,53,51,29,664.00","59,243"
19-May-25,EQ,"5,510.00","5,628.00","5,509.50","5,509.50","5,528.00","5,530.00","5,578.23","5,906.50","4,253.85","6,54,074","3,64,85,76,594.50","60,514"
20-May-25,EQ,"5,550.00","5,557.50","5,380.00","5,530.00","5,405.00","5,387.50","5,435.94","5,906.50","4,253.85","4,02,780","2,18,94,87,870.50","45,586"
21-May-25,EQ,"5,410.00","5,477.50","5,385.00","5,387.50","5,400.00","5,409.00","5,423.61","5,906.50","4,253.85","3,00,888","1,63,18,99,312.00","38,013"
22-May-25,EQ,"5,382.00","5,410.00","5,320.00","5,409.00","5,410.00","5,387.00","5,361.56","5,906.50","4,253.85","4,61,736","2,47,56,25,468.50","76,138"
23-May-25,EQ,"5,390.00","5,437.50","5,376.00","5,387.00","5,394.00","5,400.00","5,408.26","5,906.50","4,253.85","2,82,287","1,52,66,80,570.50","32,913"
26-May-25,EQ,"5,403.00","5,473.00","5,400.50","5,400.00","5,430.00","5,427.50","5,440.24","5,906.50","4,253.85","3,37,099","1,83,39,00,134.50","33,503"
27-May-25,EQ,"5,420.00","5,445.00","5,376.00","5,427.50","5,400.00","5,389.50","5,401.15","5,906.50","4,253.85","4,52,769","2,44,54,71,132.00","37,010"
28-May-25,EQ,"5,405.00","5,409.50","5,314.00","5,389.50","5,327.00","5,326.50","5,356.41","5,906.50","4,253.85","3,80,066","2,03,57,88,941.00","38,173"
29-May-25,EQ,"5,328.50","5,396.50","5,287.00","5,326.50","5,385.00","5,379.00","5,339.18","5,906.50","4,253.85","7,04,795","3,76,30,24,490.00","62,260"
30-May-25,EQ,"5,378.00","5,403.00","5,319.50","5,379.00","5,354.00","5,333.50","5,341.16","5,906.50","4,253.85","9,15,804","4,89,14,53,357.00","45,261"
2-Jun-25,EQ,"5,340.00","5,385.00","5,316.50","5,333.50","5,354.00","5,361.00","5,353.38","5,906.50","4,253.85","4,75,698","2,54,65,93,593.50","46,385"
3-Jun-25,EQ,"5,414.00","5,414.00","5,296.00","5,361.00","5,349.50","5,354.00","5,344.09","5,906.50","4,253.85","4,79,572","2,56,28,74,610.00","50,431"
4-Jun-25,EQ,"5,340.00","5,385.50","5,296.50","5,354.00","5,300.00","5,319.50","5,331.78","5,906.50","4,253.85","3,21,913","1,71,63,70,679.00","29,585"
5-Jun-25,EQ,"5,331.50","5,338.00","5,284.00","5,319.50","5,304.00","5,308.50","5,312.63","5,906.50","4,253.85","4,59,910","2,44,33,32,513.50","42,372"
6-Jun-25,EQ,"5,290.50","5,405.00","5,261.50","5,308.50","5,400.00","5,394.00","5,356.36","5,906.50","4,253.85","5,38,092","2,88,22,14,777.00","35,768"
9-Jun-25,EQ,"5,422.00","5,444.00","5,377.50","5,394.00","5,385.00","5,391.00","5,398.89","5,906.50","4,508.75","2,70,949","1,46,28,22,691.00","35,086"
10-Jun-25,EQ,"5,426.00","5,426.00","5,370.50","5,391.00","5,385.00","5,377.50","5,402.05","5,906.50","4,508.75","3,30,659","1,78,62,36,446.00","29,507"
11-Jun-25,EQ,"5,370.00","5,434.50","5,342.50","5,377.50","5,351.00","5,352.00","5,381.13","5,906.50","4,508.75","3,66,787","1,97,37,27,227.50","30,369"
12-Jun-25,EQ,"5,351.00","5,375.00","5,302.00","5,352.00","5,310.00","5,315.50","5,337.23","5,906.50","4,508.75","3,37,217","1,79,98,03,413.50","33,291"
13-Jun-25,EQ,"5,280.00","5,333.50","5,219.50","5,315.50","5,323.00","5,319.00","5,278.56","5,906.50","4,508.75","4,14,671","2,18,88,67,378.00","42,748"
16-Jun-25,EQ,"5,305.00","5,381.50","5,305.00","5,319.00","5,361.00","5,365.00","5,358.16","5,906.50","4,508.75","2,94,926","1,58,02,60,313.50","25,549"
17-Jun-25,EQ,"5,381.00","5,391.00","5,311.00","5,365.00","5,344.00","5,341.00","5,339.26","5,906.50","4,508.75","7,10,729","3,79,47,69,797.00","53,099"
18-Jun-25,EQ,"5,334.00","5,463.00","5,307.50","5,341.00","5,385.00","5,393.00","5,415.71","5,906.50","4,508.75","7,74,670","4,19,53,87,934.50","60,126"
19-Jun-25,EQ,"5,410.00","5,506.50","5,405.00","5,393.00","5,485.00","5,493.50","5,478.39","5,906.50","4,508.75","9,23,400","5,05,87,45,930.00","80,537"
20-Jun-25,EQ,"5,530.00","5,542.00","5,495.00","5,493.50","5,512.00","5,525.00","5,518.10","5,906.50","4,508.75","7,76,879","4,28,68,93,003.00","53,725"
23-Jun-25,EQ,"5,495.00","5,560.00","5,479.50","5,525.00","5,548.50","5,552.50","5,525.16","5,906.50","4,508.75","2,47,519","1,36,75,82,041.50","32,800"
24-Jun-25,EQ,"5,589.00","5,639.50","5,560.00","5,552.50","5,630.00","5,629.00","5,618.65","5,906.50","4,508.75","5,79,369","3,25,52,73,993.00","49,067"
25-Jun-25,EQ,"5,632.00","5,652.50","5,567.50","5,629.00","5,576.50","5,576.00","5,594.50","5,906.50","4,508.75","4,49,222","2,51,31,71,330.00","50,239"
26-Jun-25,EQ,"5,576.50","5,622.50","5,512.00","5,576.00","5,598.50","5,611.50","5,567.61","5,906.50","4,508.75","7,88,150","4,38,81,10,050.50","69,602"
27-Jun-25,EQ,"5,615.00","5,685.00","5,595.00","5,611.50","5,630.00","5,660.00","5,655.30","5,906.50","4,508.75","4,13,724","2,33,97,32,922.00","45,398"
30-Jun-25,EQ,"5,660.00","5,683.50","5,613.00","5,660.00","5,640.00","5,656.50","5,647.33","5,906.50","4,508.75","3,40,049","1,92,03,67,587.00","49,539"
1-Jul-25,EQ,"5,656.50","5,749.00","5,632.50","5,656.50","5,715.00","5,715.50","5,693.98","5,906.50","4,508.75","5,34,027","3,04,07,39,118.50","77,456"
2-Jul-25,EQ,"5,687.00","5,745.00","5,687.00","5,715.50","5,721.50","5,722.50","5,726.26","5,906.50","4,508.75","2,99,925","1,71,74,49,624.00","29,717"
3-Jul-25,EQ,"5,710.00","5,774.50","5,700.00","5,722.50","5,706.00","5,716.00","5,734.88","5,906.50","4,508.75","3,35,537","1,92,42,63,339.00","36,958"
4-Jul-25,EQ,"5,715.50","5,715.50","5,620.00","5,716.00","5,625.50","5,629.00","5,646.90","5,906.50","4,508.75","1,85,006","1,04,47,10,903.50","27,114"
7-Jul-25,EQ,"5,630.00","5,700.00","5,625.00","5,629.00","5,688.00","5,682.50","5,679.78","5,906.50","4,508.75","2,27,078","1,28,97,52,270.00","35,672"
8-Jul-25,EQ,"5,705.00","5,705.00","5,648.50","5,682.50","5,671.00","5,679.50","5,670.08","5,906.50","4,508.75","1,80,630","1,02,41,86,555.50","28,345"
9-Jul-25,EQ,"5,671.00","5,718.50","5,669.50","5,679.50","5,692.00","5,695.00","5,693.32","5,906.50","4,508.75","1,77,978","1,01,32,85,744.00","23,413"
10-Jul-25,EQ,"5,692.00","5,705.00","5,635.00","5,695.00","5,649.00","5,652.00","5,662.51","5,906.50","4,508.75","1,89,074","1,07,06,32,542.50","24,052"
11-Jul-25,EQ,"5,632.00","5,683.50","5,589.00","5,652.00","5,606.50","5,612.50","5,624.67","5,906.50","4,508.75","5,22,930","2,94,13,10,302.00","37,443"
14-Jul-25,EQ,"5,606.50","5,615.50","5,520.50","5,612.50","5,541.50","5,540.50","5,541.75","5,906.50","4,508.75","5,03,684","2,79,12,92,671.00","55,178"
15-Jul-25,EQ,"5,590.00","5,642.50","5,568.50","5,540.50","5,593.50","5,591.00","5,597.33","5,906.50","4,508.75","7,15,066","4,00,24,63,291.00","54,293"
16-Jul-25,EQ,"5,600.00","5,633.50","5,540.00","5,591.00","5,627.00","5,626.50","5,596.52","5,906.50","4,508.75","2,26,544","1,26,78,57,753.50","26,443"
17-Jul-25,EQ,"5,668.00","5,683.00","5,628.00","5,626.50","5,650.00","5,650.00","5,648.11","5,906.50","4,508.75","3,91,603","2,21,18,16,522.00","35,069"
18-Jul-25,EQ,"5,664.00","5,681.50","5,611.50","5,650.00","5,620.50","5,627.50","5,639.27","5,906.50","4,508.75","2,54,828","1,43,70,44,289.00","31,578"
21-Jul-25,EQ,"5,597.00","5,627.00","5,540.50","5,627.50","5,561.50","5,558.00","5,576.75","5,906.50","4,508.75","1,90,717","1,06,35,81,958.00","24,111"
22-Jul-25,EQ,"5,470.00","5,539.00","5,433.50","5,558.00","5,441.00","5,439.50","5,465.19","5,906.50","4,508.75","5,17,944","2,83,06,61,630.50","44,796"
23-Jul-25,EQ,"5,432.00","5,462.00","5,422.00","5,439.50","5,448.50","5,441.50","5,442.73","5,906.50","4,508.75","3,44,237","1,87,35,89,562.50","24,869"
24-Jul-25,EQ,"5,440.00","5,502.00","5,434.00","5,441.50","5,472.50","5,469.00","5,469.26","5,906.50","4,508.75","2,84,450","1,55,57,30,401.50","25,691"
25-Jul-25,EQ,"5,480.00","5,480.00","5,372.50","5,469.00","5,425.00","5,433.00","5,415.64","5,906.50","4,508.75","2,92,877","1,58,61,15,194.50","32,791"
28-Jul-25,EQ,"5,433.00","5,456.00","5,357.00","5,433.00","5,380.00","5,386.00","5,399.61","5,906.50","4,508.75","3,22,292","1,74,02,51,611.50","42,807"
29-Jul-25,EQ,"5,390.00","5,484.00","5,353.00","5,386.00","5,479.50","5,470.50","5,428.76","5,906.50","4,508.75","2,17,256","1,17,94,31,610.00","25,599"
30-Jul-25,EQ,"5,465.00","5,556.50","5,440.00","5,470.50","5,490.00","5,481.00","5,499.77","5,906.50","4,508.75","2,66,223","1,46,41,66,268.50","44,329"
31-Jul-25,EQ,"5,450.00","5,510.00","5,386.50","5,481.00","5,463.50","5,468.50","5,457.85","5,906.50","4,508.75","3,07,018","1,67,56,56,765.00","45,762"
1-Aug-25,EQ,"5,551.00","5,670.00","5,475.00","5,468.50","5,518.00","5,528.00","5,574.77","5,906.50","4,508.75","14,08,773","7,85,35,87,520.00","1,24,153"
4-Aug-25,EQ,"5,527.50","5,670.00","5,520.00","5,528.00","5,615.00","5,621.00","5,623.08","5,906.50","4,508.75","5,05,407","2,84,19,44,721.50","49,280"
5-Aug-25,EQ,"5,625.00","5,690.00","5,584.50","5,621.00","5,684.00","5,681.00","5,642.95","5,906.50","4,508.75","4,58,305","2,58,61,93,886.50","54,068"
6-Aug-25,EQ,"5,684.50","5,712.50","5,651.00","5,681.00","5,665.50","5,668.00","5,678.55","5,906.50","4,508.75","2,02,535","1,15,01,06,104.00","32,770"
7-Aug-25,EQ,"5,660.00","5,694.50","5,588.00","5,668.00","5,676.50","5,681.50","5,636.83","5,906.50","4,508.75","2,66,900","1,50,44,70,137.00","26,328"
8-Aug-25,EQ,"5,681.50","5,711.50","5,655.50","5,681.50","5,670.50","5,663.00","5,679.12","5,906.50","4,508.75","3,73,874","2,12,32,75,605.50","35,756"
11-Aug-25,EQ,"5,677.00","5,708.50","5,652.50","5,663.00","5,678.50","5,671.50","5,676.30","5,906.50","4,508.75","4,75,811","2,70,08,44,083.50","49,872"
12-Aug-25,EQ,"5,679.50","5,694.00","5,643.00","5,671.50","5,657.50","5,658.00","5,663.57","5,906.50","4,508.75","4,29,572","2,43,29,09,670.50","37,473"
13-Aug-25,EQ,"5,658.00","5,757.50","5,648.50","5,658.00","5,710.00","5,714.50","5,719.96","5,906.50","4,508.75","4,27,562","2,44,56,39,584.00","39,927"
14-Aug-25,EQ,"5,710.00","5,785.50","5,710.00","5,714.50","5,746.50","5,764.00","5,755.47","5,906.50","4,508.75","4,15,010","2,38,85,79,588.50","44,835"
18-Aug-25,EQ,"5,880.00","6,024.50","5,825.50","5,764.00","5,915.00","5,912.00","5,933.82","6,024.50","4,508.75","12,88,582","7,64,62,07,203.00","1,11,916"
19-Aug-25,EQ,"5,918.00","5,995.00","5,891.50","5,912.00","5,936.00","5,938.50","5,958.13","6,024.50","4,508.75","8,43,617","5,02,63,80,733.50","70,700"
20-Aug-25,EQ,"5,964.00","5,969.50","5,905.00","5,938.50","5,935.00","5,937.50","5,931.02","6,024.50","4,508.75","5,10,626","3,02,85,35,321.00","70,969"
21-Aug-25,EQ,"5,990.00","5,992.50","5,898.00","5,937.50","5,967.00","5,975.00","5,939.00","6,024.50","4,508.75","4,99,089","2,96,40,89,259.00","38,496"
22-Aug-25,EQ,"5,970.00","5,973.00","5,913.50","5,975.00","5,930.00","5,924.50","5,943.13","6,024.50","4,508.75","2,73,421","1,62,49,77,596.00","39,708"
